{"type":"FeatureCollection","features":[{"type":"Feature","properties":{"id":"pintu-besar-selatan","name":"Jl. Pintu Besar Selatan","group":"spine"},"geometry":{"type":"MultiLineString","coordinates":[[[106.814766,-6.142401],[106.814721,-6.142228],[106.814557,-6.141569],[106.814475,-6.141237],[106.814389,-6.140892],[106.814334,-6.140678],[106.813968,-6.139408]],[[106.813884,-6.138682],[106.813947,-6.138898],[106.814065,-6.139311],[106.814301,-6.140124],[106.814509,-6.140905],[106.814858,-6.142249]],[[106.814839,-6.142696],[106.814766,-6.142401]],[[106.813968,-6.139408],[106.81395,-6.139349],[106.813853,-6.139027],[106.813759,-6.138716]],[[106.813863,-6.138603],[106.813884,-6.138682]],[[106.813759,-6.138716],[106.813732,-6.13864]]]}},{"type":"Feature","properties":{"id":"gajah-mada","name":"Jl. Gajah Mada","group":"spine"},"geometry":{"type":"MultiLineString","coordinates":[[[106.819653,-6.163197],[106.819636,-6.163119],[106.819622,-6.163056],[106.81959,-6.162906],[106.819578,-6.16285],[106.819549,-6.162718],[106.819511,-6.162557],[106.819436,-6.162217],[106.819425,-6.162162],[106.819422,-6.16215],[106.819293,-6.161596]],[[106.817378,-6.152605],[106.817487,-6.153066],[106.81749,-6.153082],[106.817518,-6.153213],[106.817575,-6.153459],[106.817601,-6.153628],[106.817646,-6.153824],[106.817699,-6.154057]],[[106.815124,-6.143705],[106.815066,-6.143435],[106.815019,-6.143295],[106.814879,-6.14284],[106.814857,-6.142752]],[[106.815263,-6.144204],[106.815174,-6.143882],[106.815165,-6.143851],[106.815124,-6.143705]],[[106.816722,-6.150059],[106.81671,-6.149997]],[[106.81671,-6.149997],[106.816698,-6.149932],[106.816692,-6.149891],[106.816686,-6.149839],[106.816511,-6.149107],[106.816497,-6.14905],[106.816474,-6.148963],[106.816328,-6.148411],[106.816278,-6.148222]],[[106.816738,-6.150133],[106.816722,-6.150059]],[[106.820671,-6.167587],[106.820638,-6.167458],[106.820629,-6.167423],[106.82061,-6.167354],[106.820464,-6.166842],[106.820332,-6.166228],[106.820268,-6.165942],[106.820255,-6.165887],[106.820206,-6.165671],[106.820198,-6.165634],[106.820002,-6.164729]],[[106.815652,-6.14577],[106.815624,-6.145649]],[[106.819293,-6.161596],[106.819282,-6.161548],[106.819188,-6.161157],[106.819171,-6.161091],[106.819139,-6.160938],[106.819072,-6.160644],[106.818978,-6.160237]],[[106.818863,-6.159714],[106.818847,-6.159641],[106.818786,-6.159364],[106.818594,-6.158417],[106.818524,-6.158126],[106.818423,-6.157704],[106.818299,-6.157175],[106.818272,-6.15705],[106.818271,-6.157046],[106.818228,-6.156855],[106.81811,-6.156319]],[[106.817694,-6.154417],[106.817565,-6.153836],[106.817525,-6.153654],[106.817473,-6.153449],[106.817422,-6.153231],[106.817396,-6.153104],[106.817371,-6.152961]],[[106.817283,-6.152566],[106.817199,-6.152189],[106.817173,-6.152073],[106.817127,-6.151872],[106.81701,-6.151362]],[[106.81701,-6.151362],[106.816992,-6.151282],[106.816874,-6.15074],[106.816828,-6.15053],[106.816754,-6.150203],[106.816738,-6.150133]],[[106.816278,-6.148222],[106.816142,-6.147673],[106.816079,-6.147454]],[[106.816079,-6.147454],[106.815999,-6.14715],[106.815942,-6.146927],[106.815935,-6.146901],[106.815856,-6.146593]],[[106.815856,-6.146593],[106.815715,-6.146038],[106.815652,-6.14577]],[[106.815624,-6.145649],[106.815612,-6.145596],[106.815601,-6.145553],[106.815524,-6.14522]],[[106.814857,-6.142752],[106.814839,-6.142696]],[[106.817699,-6.154057],[106.81778,-6.154381]],[[106.816795,-6.150039],[106.81683,-6.150187],[106.816858,-6.150294]],[[106.818886,-6.15982],[106.818863,-6.159714]],[[106.818978,-6.160237],[106.818886,-6.15982]],[[106.819969,-6.16457],[106.819874,-6.164155],[106.819846,-6.164024],[106.819792,-6.163788],[106.819764,-6.163672],[106.819702,-6.163412]],[[106.817833,-6.154593],[106.817947,-6.155076]],[[106.817834,-6.155025],[106.817708,-6.154479]],[[106.816795,-6.150039],[106.816781,-6.149994],[106.816761,-6.149951],[106.81673,-6.149898],[106.816686,-6.149839]],[[106.81778,-6.154381],[106.817833,-6.154593]],[[106.820002,-6.164729],[106.819994,-6.164692],[106.819984,-6.164633],[106.819969,-6.16457]],[[106.819702,-6.163412],[106.819682,-6.163324],[106.819653,-6.163197]],[[106.820692,-6.167661],[106.820671,-6.167587]],[[106.815399,-6.144683],[106.815263,-6.144204]],[[106.815524,-6.14522],[106.815459,-6.144931],[106.815451,-6.144899],[106.815399,-6.144683]],[[106.817365,-6.152546],[106.817378,-6.152605]],[[106.816858,-6.150294],[106.816939,-6.150668],[106.817071,-6.15124],[106.817185,-6.151753],[106.8173,-6.152254],[106.817365,-6.152546]],[[106.817299,-6.152637],[106.817287,-6.152584],[106.817283,-6.152566]],[[106.817371,-6.152961],[106.817299,-6.152637]],[[106.81811,-6.156319],[106.818049,-6.156044],[106.818021,-6.155929],[106.817834,-6.155025]],[[106.817708,-6.154479],[106.817694,-6.154417]]]}},{"type":"Feature","properties":{"id":"hayam-wuruk","name":"Jl. Hayam Wuruk","group":"spine"},"geometry":{"type":"MultiLineString","coordinates":[[[106.814858,-6.142249],[106.814971,-6.142664]],[[106.820937,-6.167322],[106.820957,-6.167392],[106.820996,-6.167535],[106.821029,-6.167604],[106.821066,-6.167684]],[[106.820161,-6.163594],[106.820179,-6.163677],[106.820219,-6.163858],[106.82029,-6.164185],[106.820297,-6.164217],[106.82033,-6.164368],[106.820345,-6.164457],[106.820355,-6.164519],[106.820393,-6.164767],[106.820465,-6.165113],[106.820525,-6.165404]],[[106.819257,-6.159637],[106.819284,-6.159747]],[[106.815279,-6.143432],[106.815294,-6.143474],[106.815392,-6.143738],[106.815395,-6.143759],[106.815479,-6.144001]],[[106.815089,-6.142865],[106.815279,-6.143432]],[[106.814985,-6.142712],[106.815054,-6.142763],[106.815062,-6.142786],[106.815089,-6.142865]],[[106.81625,-6.146752],[106.816315,-6.146995],[106.81634,-6.147084],[106.816352,-6.147124],[106.816416,-6.147372]],[[106.820895,-6.167371],[106.820881,-6.167277]],[[106.820877,-6.16725],[106.820856,-6.16715],[106.820782,-6.166871],[106.820712,-6.166606],[106.820601,-6.166091],[106.820525,-6.165754]],[[106.816947,-6.149912],[106.816925,-6.14997]],[[106.819284,-6.159747],[106.819307,-6.159846],[106.819374,-6.16011],[106.819403,-6.160226],[106.819431,-6.160342],[106.819445,-6.160403],[106.819514,-6.160691],[106.819545,-6.160829],[106.819564,-6.160915],[106.81964,-6.161256],[106.819692,-6.161474],[106.81972,-6.161591]],[[106.819656,-6.161719],[106.819476,-6.160916],[106.819345,-6.160363],[106.819298,-6.160147]],[[106.818033,-6.154311],[106.818051,-6.154404]],[[106.817041,-6.149989],[106.817081,-6.150125],[106.817108,-6.15022],[106.817209,-6.150643],[106.817244,-6.150792],[106.817294,-6.151002],[106.81734,-6.151178],[106.817346,-6.151211],[106.817369,-6.151306],[106.817453,-6.151643],[106.817469,-6.151709],[106.817488,-6.151789],[106.817591,-6.152177]],[[106.820525,-6.165754],[106.820449,-6.165413],[106.82042,-6.165261],[106.820408,-6.165202],[106.820393,-6.165126],[106.820371,-6.164976],[106.820306,-6.164637]],[[106.816745,-6.148856],[106.816746,-6.148858],[106.816803,-6.149062],[106.816872,-6.149348],[106.816888,-6.149423],[106.81692,-6.149563],[106.816942,-6.149682],[106.816962,-6.149785]],[[106.820931,-6.167249],[106.820935,-6.167275],[106.820938,-6.167302],[106.820937,-6.167322]],[[106.820684,-6.166188],[106.820727,-6.166372],[106.820796,-6.166666]],[[106.820525,-6.165404],[106.82059,-6.16572],[106.820597,-6.165766],[106.820606,-6.165811],[106.820638,-6.165978],[106.820684,-6.166188]],[[106.81972,-6.161591],[106.819834,-6.162076],[106.819902,-6.162413],[106.819912,-6.162464],[106.820017,-6.162948],[106.820019,-6.162957],[106.820045,-6.163076]],[[106.818534,-6.156587],[106.818544,-6.156641],[106.818575,-6.156774],[106.818599,-6.156879],[106.818617,-6.156958],[106.818671,-6.157206],[106.818685,-6.157261],[106.818769,-6.157607],[106.818813,-6.157841],[106.818843,-6.15797],[106.818919,-6.158278],[106.819002,-6.158584],[106.819182,-6.159324],[106.819257,-6.159637]],[[106.817591,-6.152177],[106.817672,-6.152514],[106.817784,-6.153009],[106.817793,-6.153045],[106.817822,-6.153175],[106.817896,-6.153494],[106.81795,-6.15384],[106.817971,-6.153939]],[[106.817024,-6.149926],[106.817041,-6.149989]],[[106.816416,-6.147372],[106.816541,-6.147894],[106.816618,-6.14823],[106.816745,-6.148856]],[[106.819298,-6.160147],[106.819229,-6.159854],[106.819205,-6.159761]],[[106.819149,-6.159525],[106.818932,-6.158633],[106.818856,-6.158283],[106.818846,-6.15825],[106.818832,-6.158196],[106.818806,-6.158111],[106.818781,-6.158023],[106.818607,-6.157283],[106.818556,-6.157021],[106.81852,-6.156864],[106.818508,-6.156802],[106.818505,-6.15679],[106.818501,-6.156766],[106.818466,-6.156582],[106.818398,-6.156206],[106.818351,-6.15594],[106.818335,-6.15587],[106.818291,-6.15569]],[[106.820306,-6.164637],[106.820275,-6.16448],[106.820124,-6.163728],[106.820044,-6.163389]],[[106.819941,-6.163009],[106.819928,-6.162976],[106.819897,-6.162893],[106.819867,-6.162772],[106.819803,-6.162477],[106.819698,-6.161977],[106.819656,-6.161719]],[[106.817971,-6.153939],[106.817998,-6.154102],[106.818033,-6.154311]],[[106.816925,-6.14997],[106.816908,-6.149993],[106.816881,-6.150019]],[[106.819957,-6.163053],[106.819941,-6.163009]],[[106.820044,-6.163389],[106.819957,-6.163053]],[[106.820045,-6.163076],[106.820099,-6.163313],[106.820161,-6.163594]],[[106.818051,-6.154404],[106.818093,-6.154612],[106.818254,-6.155288],[106.818283,-6.155413],[106.818319,-6.155563]],[[106.816962,-6.149785],[106.81699,-6.149836],[106.817003,-6.149863],[106.817024,-6.149926]],[[106.816962,-6.149785],[106.816958,-6.149843]],[[106.819205,-6.159761],[106.819179,-6.159652],[106.819149,-6.159525]],[[106.816958,-6.149843],[106.816947,-6.149912]],[[106.814971,-6.142664],[106.814985,-6.142712]],[[106.820872,-6.166979],[106.820913,-6.167158],[106.820931,-6.167249]],[[106.820881,-6.167277],[106.820877,-6.16725]],[[106.815959,-6.145722],[106.816057,-6.14604],[106.81625,-6.146752]],[[106.815902,-6.145498],[106.815941,-6.145661],[106.815959,-6.145722]],[[106.81552,-6.144128],[106.815743,-6.144894],[106.815902,-6.145498]],[[106.815479,-6.144001],[106.815504,-6.144079],[106.81552,-6.144128]],[[106.820796,-6.166666],[106.820854,-6.166916],[106.820872,-6.166979]],[[106.818319,-6.155563],[106.818358,-6.155732],[106.818439,-6.156083],[106.818455,-6.15617],[106.818458,-6.156186]],[[106.818458,-6.156186],[106.818534,-6.156587]]]}},{"type":"Feature","properties":{"id":"majapahit","name":"Jl. Majapahit","group":"spine"},"geometry":{"type":"MultiLineString","coordinates":[[[106.823727,-6.171458],[106.82353,-6.171444],[106.823369,-6.1714],[106.823053,-6.171311]],[[106.821614,-6.170082],[106.821637,-6.170175],[106.821673,-6.170229],[106.821715,-6.170296],[106.821734,-6.170326],[106.821801,-6.170422],[106.821939,-6.170602],[106.822028,-6.170704],[106.822065,-6.170738],[106.822133,-6.170796],[106.82222,-6.170877],[106.822324,-6.170941],[106.822496,-6.171013],[106.82275,-6.171103]],[[106.821153,-6.168007],[106.821512,-6.169689],[106.821566,-6.169894],[106.821614,-6.170082]],[[106.821105,-6.167815],[106.821118,-6.167858],[106.821153,-6.168007]],[[106.822898,-6.171159],[106.822939,-6.171193],[106.822983,-6.171233],[106.823012,-6.171262],[106.823053,-6.171311]],[[106.823053,-6.171311],[106.822961,-6.171301],[106.822891,-6.171295]],[[106.82275,-6.171103],[106.822898,-6.171159]],[[106.822891,-6.171295],[106.822724,-6.17128],[106.822643,-6.171269],[106.822437,-6.171246]],[[106.821066,-6.167684],[106.821105,-6.167815]]]}},{"type":"Feature","properties":{"id":"medan-merdeka-barat","name":"Jl. Medan Merdeka Barat","group":"spine"},"geometry":{"type":"MultiLineString","coordinates":[[[106.822437,-6.171246],[106.822374,-6.171234],[106.822308,-6.171224]],[[106.82076,-6.167831],[106.820748,-6.1678],[106.820731,-6.167756],[106.820692,-6.167661]],[[106.821043,-6.168955],[106.820966,-6.168638],[106.820809,-6.167987]],[[106.821139,-6.169538],[106.821101,-6.169278],[106.821043,-6.168955]],[[106.822594,-6.180462],[106.822608,-6.180293],[106.822613,-6.180205]],[[106.822613,-6.180205],[106.822618,-6.180105],[106.822621,-6.180047],[106.822627,-6.179865],[106.822627,-6.179813],[106.822633,-6.179554],[106.822643,-6.179147],[106.822654,-6.178853],[106.822657,-6.178758],[106.822662,-6.178275],[106.822671,-6.177961],[106.822708,-6.176925],[106.822712,-6.176702],[106.822718,-6.176325],[106.822719,-6.176226],[106.822738,-6.175662],[106.822743,-6.175412]],[[106.82134,-6.170462],[106.821224,-6.169954],[106.821184,-6.169757],[106.821139,-6.169538]],[[106.822308,-6.171224],[106.822157,-6.171198],[106.821946,-6.17116],[106.821731,-6.171104],[106.821672,-6.171073],[106.821618,-6.171038],[106.821562,-6.170983],[106.821522,-6.170933],[106.821459,-6.170814],[106.821424,-6.17068],[106.821385,-6.170587],[106.82134,-6.170462]],[[106.82309,-6.174627],[106.823089,-6.174679],[106.823056,-6.175669],[106.823054,-6.176074],[106.822972,-6.179253],[106.822968,-6.179377],[106.822966,-6.179463],[106.82298,-6.179723]],[[106.822766,-6.174191],[106.822765,-6.17414],[106.822771,-6.174038],[106.822777,-6.173751],[106.822783,-6.173425],[106.822783,-6.173351],[106.822806,-6.172593],[106.822816,-6.172218],[106.822822,-6.172108],[106.822825,-6.171949],[106.822817,-6.171812]],[[106.822743,-6.175412],[106.822749,-6.17539],[106.822754,-6.174879],[106.82276,-6.174686],[106.822759,-6.174613]],[[106.822817,-6.171812],[106.822802,-6.171731],[106.822783,-6.171678],[106.822715,-6.171533],[106.822648,-6.171431],[106.822547,-6.171307],[106.822437,-6.171246]],[[106.82298,-6.179723],[106.823,-6.179869],[106.82303,-6.180009],[106.82309,-6.180302],[106.823093,-6.180324]],[[106.823053,-6.171311],[106.823094,-6.171363],[106.823124,-6.171419],[106.82315,-6.171473],[106.823173,-6.171541],[106.823186,-6.171721],[106.823189,-6.171905]],[[106.820809,-6.167987],[106.820784,-6.167909],[106.820776,-6.167881]],[[106.823093,-6.180324],[106.823104,-6.180423]],[[106.823189,-6.171905],[106.823177,-6.172124],[106.823163,-6.172527],[106.82311,-6.174187]],[[106.822759,-6.174613],[106.822766,-6.174191]],[[106.82311,-6.174187],[106.82309,-6.174627]],[[106.820776,-6.167881],[106.82076,-6.167831]]]}},{"type":"Feature","properties":{"id":"mh-thamrin","name":"Jl. M.H. Thamrin","group":"spine"},"geometry":{"type":"MultiLineString","coordinates":[[[106.822992,-6.186354],[106.823004,-6.186181],[106.823014,-6.185908],[106.823007,-6.185706],[106.823008,-6.18558],[106.823008,-6.185304],[106.823009,-6.185225],[106.823006,-6.185195],[106.822997,-6.185144],[106.822976,-6.185018],[106.822935,-6.184615],[106.822932,-6.184496]],[[106.823078,-6.190901],[106.823079,-6.191081],[106.823081,-6.191175],[106.823102,-6.192026],[106.823115,-6.192508],[106.823116,-6.192553],[106.823144,-6.193209],[106.823145,-6.193256],[106.823149,-6.193413],[106.82316,-6.193762],[106.82317,-6.194112],[106.823182,-6.194194],[106.823209,-6.194253]],[[106.82326,-6.194347],[106.823349,-6.194485],[106.823378,-6.194526],[106.823402,-6.194561],[106.823474,-6.194676]],[[106.822885,-6.18315],[106.822841,-6.182446],[106.822795,-6.181714],[106.822779,-6.181438],[106.822751,-6.181015],[106.822747,-6.180994],[106.822743,-6.180931]],[[106.823117,-6.189134],[106.823114,-6.189248]],[[106.823168,-6.187893],[106.823165,-6.187939],[106.823137,-6.188491],[106.823126,-6.188817]],[[106.823114,-6.189248],[106.823108,-6.189435]],[[106.823126,-6.188817],[106.823117,-6.189134]],[[106.823108,-6.189435],[106.823101,-6.189688]],[[106.823051,-6.180997],[106.823029,-6.181078],[106.823028,-6.181132],[106.823073,-6.181858],[106.823079,-6.18197],[106.823082,-6.182035],[106.823103,-6.18247],[106.823106,-6.182539],[106.823107,-6.182559],[106.823114,-6.182684],[106.823122,-6.1828],[106.823156,-6.18314]],[[106.823201,-6.187256],[106.823168,-6.187893]],[[106.823099,-6.189812],[106.823075,-6.190396],[106.823074,-6.190682]],[[106.822897,-6.190877],[106.822869,-6.190493]],[[106.822924,-6.192166],[106.822902,-6.191324]],[[106.82271,-6.194565],[106.822822,-6.194443],[106.822842,-6.194421],[106.822922,-6.194317],[106.822943,-6.194259],[106.822949,-6.194194],[106.822952,-6.194097]],[[106.822865,-6.189507],[106.822865,-6.188965],[106.82287,-6.188794],[106.822875,-6.188692]],[[106.822869,-6.190493],[106.822865,-6.190417],[106.822861,-6.190123]],[[106.822902,-6.191324],[106.822897,-6.190877]],[[106.822861,-6.190123],[106.822861,-6.189724],[106.822865,-6.189507]],[[106.822875,-6.188692],[106.822891,-6.188184],[106.822899,-6.187985],[106.822906,-6.187866],[106.822923,-6.187432],[106.822931,-6.187214],[106.822937,-6.187117],[106.822939,-6.187084],[106.822941,-6.187043]],[[106.822952,-6.194097],[106.822947,-6.193769],[106.82294,-6.193481],[106.822938,-6.193416],[106.822934,-6.193211],[106.822931,-6.193073],[106.822928,-6.192726],[106.822926,-6.192528],[106.822926,-6.192334],[106.822926,-6.192293],[106.822924,-6.192166]],[[106.823178,-6.183415],[106.823198,-6.183739],[106.823204,-6.183842],[106.823219,-6.184017],[106.823248,-6.184461],[106.82326,-6.184657],[106.823269,-6.18483],[106.823279,-6.185154],[106.82328,-6.185221],[106.823278,-6.185456],[106.823277,-6.185591],[106.823266,-6.185718],[106.823257,-6.185856],[106.823247,-6.186014]],[[106.822948,-6.18696],[106.822955,-6.186877],[106.822965,-6.186768],[106.822973,-6.186623]],[[106.823209,-6.186974],[106.823204,-6.187059]],[[106.823204,-6.187059],[106.823201,-6.18713],[106.823201,-6.187256]],[[106.82317,-6.183274],[106.823176,-6.183363]],[[106.822897,-6.183367],[106.822893,-6.183281]],[[106.822941,-6.187043],[106.822948,-6.18696]],[[106.823214,-6.186886],[106.823209,-6.186974]],[[106.823209,-6.194253],[106.82325,-6.194328],[106.82326,-6.194347]],[[106.822932,-6.184496],[106.822911,-6.183992],[106.822911,-6.183978],[106.822908,-6.183851],[106.822901,-6.183561],[106.822898,-6.183433]],[[106.823074,-6.190682],[106.823075,-6.190775],[106.823078,-6.190901]],[[106.823101,-6.189688],[106.823099,-6.189812]],[[106.823176,-6.183363],[106.823178,-6.183415]],[[106.822973,-6.186623],[106.822992,-6.186354]],[[106.823247,-6.186014],[106.823241,-6.186101],[106.82324,-6.186118],[106.823235,-6.186235],[106.823227,-6.186494],[106.823216,-6.186847],[106.823214,-6.186886]],[[106.823052,-6.180894],[106.823051,-6.180966],[106.823051,-6.180997]],[[106.822898,-6.183433],[106.822897,-6.183367]],[[106.823156,-6.18314],[106.82317,-6.183274]],[[106.822893,-6.183281],[106.822885,-6.18315]]]}},{"type":"Feature","properties":{"id":"jenderal-sudirman","name":"Jl. Jenderal Sudirman","group":"spine"},"geometry":{"type":"MultiLineString","coordinates":[[[106.823086,-6.201729],[106.822993,-6.202121],[106.822961,-6.202259],[106.822828,-6.202882]],[[106.80104,-6.22927],[106.800886,-6.229294],[106.800798,-6.229322],[106.800709,-6.22937],[106.800658,-6.229414]],[[106.800312,-6.229614],[106.800269,-6.229602],[106.800079,-6.22955]],[[106.801121,-6.227914],[106.801116,-6.228007],[106.801113,-6.228081],[106.801087,-6.228433],[106.80104,-6.22927]],[[106.808848,-6.222084],[106.808951,-6.22201],[106.809166,-6.221838]],[[106.821981,-6.207199],[106.822035,-6.2067],[106.822062,-6.206428],[106.822074,-6.206308],[106.822093,-6.206139],[106.822118,-6.205925],[106.822149,-6.205652],[106.822193,-6.205201]],[[106.81529,-6.216991],[106.815393,-6.216914],[106.815518,-6.216817],[106.815577,-6.216771]],[[106.823028,-6.197462],[106.823024,-6.197302],[106.823011,-6.196828],[106.823006,-6.19663],[106.822988,-6.195922],[106.822979,-6.195757],[106.82297,-6.195701],[106.822946,-6.195644]],[[106.799602,-6.229532],[106.799544,-6.229522],[106.799496,-6.229513],[106.799458,-6.229505],[106.799415,-6.229494],[106.799372,-6.229475],[106.799334,-6.229453],[106.799312,-6.229433],[106.799288,-6.229403],[106.799267,-6.229374],[106.79924,-6.229333],[106.799226,-6.229312],[106.799207,-6.22928],[106.799187,-6.229247]],[[106.823321,-6.195437],[106.823267,-6.19549],[106.823253,-6.195513],[106.82324,-6.195539],[106.823226,-6.195567],[106.823215,-6.195593],[106.823201,-6.195637],[106.823191,-6.195684]],[[106.822373,-6.205585],[106.822366,-6.205658],[106.82234,-6.205949],[106.822245,-6.206869],[106.822219,-6.207119],[106.822212,-6.207173],[106.822156,-6.207635],[106.822142,-6.20773],[106.822125,-6.207842],[106.82212,-6.207874],[106.822099,-6.207974],[106.822071,-6.208145],[106.821995,-6.20849],[106.821903,-6.208813],[106.821874,-6.208901],[106.821831,-6.209026],[106.821639,-6.209538],[106.821554,-6.209737],[106.821302,-6.210248],[106.821125,-6.210597],[106.821094,-6.210658],[106.821006,-6.210822],[106.820902,-6.211025],[106.820748,-6.211325],[106.820594,-6.211634],[106.820563,-6.211695],[106.82039,-6.212039],[106.820351,-6.21211],[106.820182,-6.212439],[106.820137,-6.212522],[106.819911,-6.212913],[106.819858,-6.213005],[106.819784,-6.213123],[106.819736,-6.213199],[106.819515,-6.213503],[106.819447,-6.213595],[106.819202,-6.213902],[106.819134,-6.213984]],[[106.822517,-6.203277],[106.822549,-6.203171]],[[106.799944,-6.228884],[106.79991,-6.228925],[106.799886,-6.228958],[106.799868,-6.229],[106.799852,-6.229048],[106.799837,-6.229092],[106.799812,-6.229184]],[[106.8232,-6.196356],[106.82321,-6.196562],[106.823214,-6.196712],[106.823221,-6.196992],[106.823225,-6.197123],[106.82323,-6.197331],[106.823227,-6.197517],[106.82323,-6.197581],[106.823249,-6.198292],[106.823265,-6.198624]],[[106.800079,-6.22955],[106.79999,-6.229525],[106.799915,-6.229505],[106.799874,-6.229495],[106.799816,-6.229483],[106.799752,-6.22947],[106.799746,-6.229469],[106.799688,-6.229454]],[[106.81442,-6.217705],[106.81496,-6.21726],[106.815003,-6.217224],[106.815135,-6.217121]],[[106.801772,-6.227417],[106.801453,-6.227658]],[[106.804782,-6.224843],[106.805605,-6.224219],[106.805681,-6.224167],[106.806403,-6.223676],[106.807022,-6.22328]],[[106.809166,-6.221838],[106.809625,-6.221467],[106.809736,-6.221372]],[[106.813007,-6.218839],[106.813271,-6.218629],[106.813863,-6.218155],[106.814116,-6.217952],[106.81415,-6.217926]],[[106.822395,-6.203878],[106.822442,-6.203586]],[[106.809797,-6.221308],[106.810529,-6.220778]],[[106.819816,-6.212606],[106.820077,-6.212149]],[[106.816945,-6.215676],[106.816984,-6.215644],[106.817326,-6.215375],[106.81768,-6.215096]],[[106.812123,-6.219545],[106.812739,-6.219046]],[[106.822549,-6.203171],[106.822616,-6.202926],[106.822657,-6.202758],[106.822735,-6.202377],[106.822762,-6.202248],[106.822859,-6.201808],[106.822875,-6.201734],[106.82288,-6.201713],[106.822887,-6.201675]],[[106.822887,-6.201675],[106.822999,-6.201117],[106.823001,-6.201097],[106.823039,-6.200824]],[[106.823075,-6.199688],[106.823071,-6.19963],[106.823071,-6.199597],[106.823066,-6.199348],[106.823061,-6.199207],[106.823055,-6.199083],[106.823053,-6.199018],[106.823051,-6.198977],[106.823047,-6.198754],[106.823046,-6.198719],[106.823045,-6.198634],[106.823046,-6.198536]],[[106.823046,-6.198536],[106.823033,-6.197887]],[[106.816672,-6.216179],[106.816375,-6.216414],[106.815909,-6.216781],[106.815776,-6.216886],[106.815735,-6.216918],[106.815577,-6.217043],[106.815336,-6.217233]],[[106.816921,-6.215983],[106.816689,-6.216166]],[[106.822193,-6.205201],[106.822227,-6.204937],[106.82225,-6.204733],[106.822254,-6.204691],[106.82232,-6.204235],[106.822395,-6.203878]],[[106.815201,-6.21734],[106.814655,-6.21777]],[[106.804026,-6.225401],[106.804063,-6.22537],[106.804713,-6.224896],[106.804782,-6.224843]],[[106.808975,-6.222274],[106.808556,-6.222563],[106.807695,-6.223124],[106.807333,-6.223348],[106.806759,-6.223713],[106.806646,-6.223787]],[[106.801121,-6.227914],[106.80063,-6.228301],[106.800345,-6.228535],[106.8,-6.228828],[106.799944,-6.228884]],[[106.818734,-6.214119],[106.818952,-6.213847]],[[106.814044,-6.218252],[106.813947,-6.218328]],[[106.813094,-6.219001],[106.812698,-6.219313]],[[106.812698,-6.219313],[106.812222,-6.219678]],[[106.813947,-6.218328],[106.813094,-6.219001]],[[106.812222,-6.219678],[106.811463,-6.220284],[106.810708,-6.220896]],[[106.812739,-6.219046],[106.812979,-6.218861],[106.813007,-6.218839]],[[106.799919,-6.228617],[106.800048,-6.228501],[106.800276,-6.228296],[106.80052,-6.228086],[106.800767,-6.22789],[106.80082,-6.227848],[106.800881,-6.227801],[106.800948,-6.227753],[106.801682,-6.227208],[106.80176,-6.22715],[106.802283,-6.226756],[106.802568,-6.226531],[106.803134,-6.226099],[106.803674,-6.22568],[106.803827,-6.225559],[106.804026,-6.225401]],[[106.810235,-6.221278],[106.808975,-6.222274]],[[106.814403,-6.217969],[106.814044,-6.218252]],[[106.818622,-6.214622],[106.818495,-6.214813],[106.818455,-6.214852],[106.818271,-6.215004],[106.818129,-6.215089],[106.817981,-6.215177]],[[106.823283,-6.200133],[106.823275,-6.200574],[106.823252,-6.200888],[106.823211,-6.201155],[106.823086,-6.201729]],[[106.822828,-6.202882],[106.822794,-6.203033],[106.822747,-6.203212]],[[106.818138,-6.214615],[106.818443,-6.214337],[106.818671,-6.214151],[106.818734,-6.214119]],[[106.81768,-6.215096],[106.817893,-6.21491],[106.817951,-6.214863]],[[106.823039,-6.200824],[106.823065,-6.200571],[106.823078,-6.200123],[106.823071,-6.199943],[106.823075,-6.199688]],[[106.820077,-6.212149],[106.820211,-6.21188],[106.820302,-6.211705],[106.820671,-6.210964],[106.820731,-6.210844],[106.821122,-6.210074],[106.821284,-6.209738],[106.821446,-6.209402],[106.821556,-6.209136]],[[106.819476,-6.21315],[106.819581,-6.212991],[106.819687,-6.212822],[106.819816,-6.212606]],[[106.810529,-6.220778],[106.812123,-6.219545]],[[106.81415,-6.217926],[106.81442,-6.217705]],[[106.816217,-6.216244],[106.816436,-6.216075],[106.816656,-6.215906]],[[106.815577,-6.216771],[106.815811,-6.216579],[106.815851,-6.216546],[106.816217,-6.216244]],[[106.817871,-6.215234],[106.817229,-6.21574]],[[106.817229,-6.21574],[106.816927,-6.215977]],[[106.805922,-6.224296],[106.805511,-6.224593],[106.805273,-6.224777],[106.805181,-6.224846],[106.805063,-6.224938],[106.804956,-6.225012],[106.804717,-6.225194],[106.804626,-6.225259],[106.804333,-6.225483],[106.804264,-6.225535],[106.804181,-6.225602],[106.80394,-6.22578],[106.803584,-6.22605],[106.803127,-6.22639],[106.801903,-6.227318],[106.801772,-6.227417]],[[106.818952,-6.213847],[106.819476,-6.21315]],[[106.817951,-6.214863],[106.817999,-6.214779],[106.818067,-6.214692],[106.818138,-6.214615]],[[106.818751,-6.2144],[106.818711,-6.214492],[106.818622,-6.214622]],[[106.817951,-6.214863],[106.818043,-6.214808],[106.818147,-6.21471],[106.818575,-6.2143],[106.818698,-6.214177],[106.818734,-6.214119]],[[106.818751,-6.2144],[106.818677,-6.214456],[106.818601,-6.214534],[106.818226,-6.214888],[106.817889,-6.215189],[106.817871,-6.215234]],[[106.823288,-6.199432],[106.823285,-6.200042],[106.823283,-6.200133]],[[106.822442,-6.203586],[106.822517,-6.203277]],[[106.821556,-6.209136],[106.82167,-6.208789],[106.821815,-6.208249],[106.821919,-6.20772],[106.821941,-6.20756],[106.821981,-6.207199]],[[106.819134,-6.213984],[106.819102,-6.214022],[106.819019,-6.214121],[106.818893,-6.214251],[106.818751,-6.2144]],[[106.817981,-6.215177],[106.817922,-6.215218],[106.817871,-6.215234]],[[106.806646,-6.223787],[106.806573,-6.223836],[106.806406,-6.223951],[106.806322,-6.224008],[106.806234,-6.22407],[106.806053,-6.2242],[106.805922,-6.224296]],[[106.807022,-6.22328],[106.807592,-6.22292],[106.808234,-6.222515],[106.808848,-6.222084]],[[106.801453,-6.227658],[106.801245,-6.227812],[106.801121,-6.227914]],[[106.815135,-6.217121],[106.81529,-6.216991]],[[106.815336,-6.217233],[106.81532,-6.217246],[106.815201,-6.21734]],[[106.809736,-6.221372],[106.809797,-6.221308]],[[106.814655,-6.21777],[106.814403,-6.217969]],[[106.810708,-6.220896],[106.810479,-6.221081]],[[106.823191,-6.195684],[106.823187,-6.19581],[106.823192,-6.196074],[106.823196,-6.196242],[106.823197,-6.196296],[106.8232,-6.196356]],[[106.823033,-6.197887],[106.823032,-6.19779],[106.823032,-6.197689],[106.823031,-6.197565],[106.823031,-6.197561],[106.823029,-6.197479],[106.823028,-6.197462]],[[106.822777,-6.195464],[106.822696,-6.195377]],[[106.823265,-6.198624],[106.82327,-6.19872],[106.823274,-6.198829],[106.823277,-6.198962],[106.823279,-6.199054],[106.823281,-6.199124],[106.823284,-6.199249],[106.823285,-6.199293],[106.823288,-6.199432]],[[106.822747,-6.203212],[106.822719,-6.203352],[106.822536,-6.204298],[106.82253,-6.20434],[106.822484,-6.204651],[106.822456,-6.204897],[106.822373,-6.205585]],[[106.810479,-6.221081],[106.810235,-6.221278]],[[106.822946,-6.195644],[106.822807,-6.195488],[106.822777,-6.195464]],[[106.816689,-6.216166],[106.816672,-6.216179]],[[106.816927,-6.215977],[106.816921,-6.215983]],[[106.81669,-6.215877],[106.816945,-6.215676]],[[106.816656,-6.215906],[106.81669,-6.215877]]]}},{"type":"Feature","properties":{"id":"sisingamangaraja","name":"Jl. Sisingamangaraja","group":"spine"},"geometry":{"type":"MultiLineString","coordinates":[[[106.799187,-6.229247],[106.799228,-6.229139],[106.799282,-6.22904],[106.799377,-6.228944],[106.799467,-6.228886],[106.799533,-6.228865],[106.79961,-6.22884],[106.799661,-6.228822],[106.799735,-6.228784]],[[106.799812,-6.229184],[106.799805,-6.229224],[106.7998,-6.229256],[106.799792,-6.229285],[106.79978,-6.229314],[106.799764,-6.229343],[106.799743,-6.229375],[106.799716,-6.229411],[106.799688,-6.229454]],[[106.799602,-6.229532],[106.799534,-6.229583],[106.799516,-6.229595],[106.79938,-6.2297],[106.799303,-6.229778],[106.799227,-6.229883],[106.799192,-6.229943],[106.799011,-6.23033],[106.79884,-6.230759]],[[106.799812,-6.229184],[106.799776,-6.229089],[106.799769,-6.229054],[106.799764,-6.229019],[106.799756,-6.228948],[106.79977,-6.22887],[106.799785,-6.228819]],[[106.798366,-6.236661],[106.798366,-6.236579],[106.798368,-6.236412],[106.798364,-6.235622],[106.798362,-6.23529],[106.798352,-6.234953]],[[106.798541,-6.237701],[106.798524,-6.237804],[106.79852,-6.237899],[106.79852,-6.238013],[106.79852,-6.238245],[106.798518,-6.238339],[106.798517,-6.238465],[106.798514,-6.238851],[106.798511,-6.239294],[106.798511,-6.239395],[106.79851,-6.239452],[106.79851,-6.239506]],[[106.798395,-6.231599],[106.798427,-6.23139],[106.79846,-6.231215],[106.798546,-6.230902],[106.798616,-6.230681],[106.798696,-6.23046],[106.798773,-6.230264],[106.799066,-6.22965],[106.7991,-6.229573],[106.799143,-6.229449]],[[106.798347,-6.234791],[106.798339,-6.233006]],[[106.798339,-6.233006],[106.798342,-6.232318],[106.798359,-6.231953],[106.798395,-6.231599]],[[106.799688,-6.229454],[106.79965,-6.229491],[106.799602,-6.229532]],[[106.798573,-6.232575],[106.798575,-6.233025]],[[106.798571,-6.233971],[106.798574,-6.234809],[106.798571,-6.234941],[106.79857,-6.235077],[106.798545,-6.236482],[106.798542,-6.236582],[106.798539,-6.236712]],[[106.79884,-6.230759],[106.798803,-6.230873],[106.798761,-6.231006],[106.798715,-6.231175]],[[106.798715,-6.231175],[106.798689,-6.231283],[106.798667,-6.231395],[106.798649,-6.231518],[106.798621,-6.231708],[106.798599,-6.231887],[106.798582,-6.232119],[106.798575,-6.23228],[106.798573,-6.232575]],[[106.799735,-6.228784],[106.799828,-6.228699],[106.799919,-6.228617]],[[106.798539,-6.236712],[106.798536,-6.236784]],[[106.798575,-6.233025],[106.798578,-6.233731]],[[106.798371,-6.237477],[106.798365,-6.236845]],[[106.798365,-6.236845],[106.798363,-6.236787]],[[106.798363,-6.236787],[106.798365,-6.236713]],[[106.798578,-6.233731],[106.798571,-6.233971]],[[106.798352,-6.234953],[106.798347,-6.234791]],[[106.79851,-6.239506],[106.798511,-6.239744],[106.798514,-6.23981]],[[106.798365,-6.236713],[106.798366,-6.236661]],[[106.798351,-6.239811],[106.798373,-6.239742],[106.798369,-6.239598],[106.798365,-6.239086],[106.798368,-6.238815],[106.798376,-6.237802]],[[106.798376,-6.237802],[106.798371,-6.237477]],[[106.799785,-6.228819],[106.799859,-6.228704],[106.799919,-6.228617]],[[106.798351,-6.239811],[106.798326,-6.239742],[106.798322,-6.239687],[106.798315,-6.239076],[106.798318,-6.238815],[106.798322,-6.237964],[106.798327,-6.237912],[106.798334,-6.237871],[106.798376,-6.237802]],[[106.798541,-6.237701],[106.798565,-6.237815],[106.798571,-6.237895],[106.798573,-6.238269],[106.798574,-6.238388],[106.798575,-6.238594],[106.798576,-6.238867],[106.79858,-6.239064],[106.798577,-6.239511],[106.798576,-6.239582]],[[106.798576,-6.239582],[106.798577,-6.239744],[106.798577,-6.23981],[106.798562,-6.239882],[106.79854,-6.239935]],[[106.799143,-6.229449],[106.799165,-6.229333],[106.799187,-6.229247]],[[106.798536,-6.236784],[106.798538,-6.237022],[106.798537,-6.237264],[106.798537,-6.23758],[106.798539,-6.237659],[106.798541,-6.237701]]]}},{"type":"Feature","properties":{"id":"panglima-polim","name":"Jl. Panglima Polim","group":"spine"},"geometry":{"type":"MultiLineString","coordinates":[[[106.798134,-6.245884],[106.798104,-6.246073],[106.798034,-6.246509],[106.797872,-6.247567],[106.797779,-6.248245],[106.797715,-6.248668],[106.79759,-6.249635]],[[106.797327,-6.253103],[106.797346,-6.252771],[106.797364,-6.252318],[106.797368,-6.252238],[106.797412,-6.251438],[106.797445,-6.250548],[106.797464,-6.250189],[106.797468,-6.250105],[106.797473,-6.250032],[106.797493,-6.249689]],[[106.7975,-6.249625],[106.797573,-6.248999],[106.797609,-6.248655],[106.797636,-6.248454],[106.79768,-6.248134],[106.797914,-6.246476],[106.797925,-6.246401],[106.797975,-6.246065],[106.797978,-6.246045],[106.798002,-6.245881]],[[106.798546,-6.240236],[106.798549,-6.240337],[106.798551,-6.240438],[106.798552,-6.240606],[106.798553,-6.2408],[106.798553,-6.24083],[106.798554,-6.241395],[106.798554,-6.241823],[106.798555,-6.242012],[106.798555,-6.242149]],[[106.79855,-6.242326],[106.798486,-6.242559],[106.798465,-6.242626],[106.798404,-6.24277],[106.798261,-6.243121],[106.798215,-6.243247],[106.798204,-6.243368],[106.798209,-6.243751],[106.798208,-6.243825],[106.798214,-6.244423],[106.798213,-6.244462],[106.798214,-6.244856],[106.798209,-6.24508],[106.798209,-6.245098],[106.798205,-6.245244],[106.798183,-6.245498],[106.798151,-6.245752],[106.798134,-6.245884]],[[106.798555,-6.242149],[106.798558,-6.242206],[106.798557,-6.242268],[106.79855,-6.242326]],[[106.798034,-6.245695],[106.798072,-6.245431],[106.79809,-6.244855],[106.798096,-6.244673],[106.798092,-6.244025],[106.798084,-6.243396],[106.798104,-6.243195],[106.798121,-6.243089],[106.798152,-6.243001],[106.798161,-6.242967],[106.798273,-6.242701],[106.798309,-6.242579],[106.798331,-6.242458],[106.798351,-6.242342],[106.798347,-6.242202],[106.798345,-6.24138]],[[106.798514,-6.23981],[106.798525,-6.239876],[106.79854,-6.239935],[106.798541,-6.23996]],[[106.798354,-6.239963],[106.798351,-6.239811]],[[106.798347,-6.24025],[106.798355,-6.240045],[106.798354,-6.239963]],[[106.797414,-6.25311],[106.797377,-6.253742],[106.797352,-6.254188]],[[106.797352,-6.254188],[106.797331,-6.254435],[106.797318,-6.254612],[106.797304,-6.254792]],[[106.797493,-6.249689],[106.7975,-6.249625]],[[106.798349,-6.240869],[106.79835,-6.240802],[106.798347,-6.24025]],[[106.798345,-6.24138],[106.798348,-6.241133],[106.798348,-6.241056],[106.798349,-6.240869]],[[106.797181,-6.254841],[106.797185,-6.254792]],[[106.797185,-6.254792],[106.797191,-6.254738],[106.797193,-6.254716],[106.797227,-6.254397],[106.797242,-6.254181],[106.797327,-6.253103]],[[106.798541,-6.23996],[106.798544,-6.240045],[106.798546,-6.240236]],[[106.798002,-6.245881],[106.798025,-6.245747],[106.798034,-6.245695]],[[106.797585,-6.249698],[106.797567,-6.250026],[106.797512,-6.251279],[106.797508,-6.251358],[106.797505,-6.251438],[106.797453,-6.252327],[106.797414,-6.25311]],[[106.79759,-6.249635],[106.797585,-6.249698]]]}},{"type":"Feature","properties":{"id":"fatmawati","name":"Jl. Fatmawati","group":"spine","note":"Ketimun 1 → simpang T.B. Simatupang"},"geometry":{"type":"MultiLineString","coordinates":[[[106.797027,-6.27917],[106.797167,-6.278657],[106.797265,-6.278319],[106.797431,-6.277752],[106.797475,-6.277605]],[[106.794782,-6.299989],[106.794786,-6.299727],[106.794786,-6.299649],[106.794776,-6.299286],[106.794755,-6.299022],[106.794723,-6.298521],[106.794726,-6.298409]],[[106.797594,-6.277641],[106.797496,-6.27798],[106.797151,-6.279205]],[[106.79528,-6.292462],[106.795279,-6.292533],[106.795271,-6.292677],[106.795263,-6.292853]],[[106.795049,-6.295308],[106.79507,-6.294695],[106.795071,-6.294677],[106.79508,-6.294504],[106.795082,-6.29441],[106.795087,-6.294217],[106.795104,-6.2938],[106.795145,-6.292876]],[[106.795275,-6.292002],[106.79528,-6.292224],[106.795279,-6.292255],[106.79528,-6.292462]],[[106.795616,-6.287036],[106.795562,-6.287287],[106.795487,-6.287629],[106.79546,-6.287821],[106.795438,-6.288049],[106.795437,-6.288356],[106.795441,-6.288662],[106.79545,-6.28893],[106.795456,-6.289217],[106.79546,-6.28949],[106.795459,-6.289571],[106.795452,-6.289661],[106.795444,-6.289742],[106.795425,-6.289834],[106.795402,-6.289918],[106.795367,-6.290051],[106.795334,-6.290177],[106.79532,-6.290237],[106.795305,-6.290367],[106.795297,-6.290494],[106.795292,-6.290553]],[[106.797148,-6.263912],[106.797066,-6.263648],[106.797035,-6.263551],[106.796975,-6.263363],[106.7969,-6.263132],[106.796779,-6.262757],[106.796684,-6.262424],[106.79663,-6.262229],[106.796585,-6.262011],[106.796563,-6.261835],[106.796558,-6.261731],[106.796556,-6.261644],[106.796554,-6.261498],[106.796557,-6.261334],[106.796567,-6.26118],[106.7966,-6.260866],[106.796656,-6.260219]],[[106.796777,-6.260215],[106.796681,-6.261323],[106.796675,-6.261516],[106.796682,-6.261711],[106.796707,-6.261971],[106.796726,-6.262069],[106.796745,-6.262154],[106.796904,-6.26272],[106.797044,-6.263166],[106.797127,-6.263412],[106.797163,-6.263532],[106.797266,-6.263867]],[[106.794768,-6.298118],[106.794761,-6.297932],[106.794809,-6.297702],[106.794824,-6.297625],[106.794843,-6.297529],[106.794864,-6.297413],[106.795001,-6.296535],[106.795014,-6.296248],[106.795016,-6.296207],[106.795032,-6.295871],[106.795049,-6.295308]],[[106.795129,-6.29528],[106.795068,-6.296539],[106.795005,-6.296987],[106.794916,-6.297543],[106.794898,-6.29764],[106.794883,-6.297718],[106.794858,-6.297856],[106.794844,-6.297947],[106.794768,-6.298118]],[[106.797433,-6.265886],[106.797409,-6.26644],[106.797357,-6.267305],[106.797353,-6.267417]],[[106.797309,-6.265707],[106.797314,-6.265574],[106.797313,-6.265304],[106.797298,-6.264598],[106.797282,-6.264437],[106.797248,-6.264285],[106.797148,-6.263912]],[[106.797266,-6.263867],[106.79734,-6.264137],[106.7974,-6.264422],[106.79742,-6.264623],[106.79743,-6.264898]],[[106.79743,-6.264898],[106.79744,-6.265273],[106.79744,-6.265711]],[[106.79744,-6.265711],[106.797436,-6.265799],[106.797435,-6.265835]],[[106.795194,-6.292003],[106.795197,-6.291929],[106.795204,-6.291706]],[[106.795177,-6.292461],[106.795185,-6.292253],[106.795185,-6.292225],[106.795194,-6.292003]],[[106.797628,-6.273954],[106.797624,-6.273876],[106.797616,-6.273724],[106.797612,-6.273586],[106.797595,-6.27321],[106.797552,-6.272359],[106.797546,-6.27224],[106.797538,-6.27211],[106.797519,-6.27178],[106.797475,-6.271198],[106.797471,-6.27113],[106.797433,-6.270563],[106.797427,-6.270459],[106.797398,-6.270076],[106.797389,-6.269966],[106.797384,-6.269914],[106.79738,-6.269867]],[[106.797304,-6.265825],[106.797306,-6.265791],[106.797309,-6.265707]],[[106.797228,-6.267365],[106.797301,-6.265883]],[[106.795204,-6.291706],[106.7952,-6.291322]],[[106.797742,-6.273962],[106.79777,-6.274702],[106.797787,-6.275499],[106.797794,-6.275954],[106.797801,-6.276448],[106.797789,-6.276664],[106.797767,-6.276865],[106.797727,-6.277111]],[[106.797358,-6.267752],[106.797357,-6.267868],[106.797365,-6.268053],[106.797376,-6.268257],[106.797382,-6.268334],[106.797398,-6.268525],[106.797457,-6.269367],[106.797495,-6.269851]],[[106.7952,-6.291322],[106.795189,-6.29118],[106.795183,-6.29106],[106.795185,-6.290881],[106.795193,-6.2905],[106.795204,-6.290376],[106.795224,-6.290252],[106.795239,-6.290161],[106.795301,-6.289887],[106.79533,-6.289786],[106.795344,-6.289703],[106.795349,-6.289648],[106.795355,-6.289577],[106.795358,-6.289487],[106.79536,-6.289206],[106.795356,-6.288927],[106.795343,-6.288533],[106.795335,-6.288155],[106.795342,-6.28798],[106.79536,-6.287803],[106.795383,-6.287641],[106.795488,-6.287136],[106.795519,-6.287001],[106.795531,-6.286952],[106.795547,-6.286873],[106.795588,-6.286683],[106.795622,-6.2865],[106.795655,-6.286306],[106.795692,-6.286077],[106.795743,-6.285708],[106.795752,-6.285638],[106.795765,-6.285537]],[[106.797518,-6.277453],[106.79753,-6.277412],[106.797582,-6.277211],[106.797609,-6.277085]],[[106.79614,-6.282134],[106.796117,-6.282379],[106.796097,-6.282798],[106.796094,-6.282842],[106.796068,-6.283292],[106.796035,-6.283714],[106.795977,-6.284592],[106.79597,-6.284697],[106.795952,-6.284908],[106.795951,-6.284918],[106.795949,-6.284933],[106.795947,-6.284949],[106.795908,-6.285256],[106.795873,-6.285553]],[[106.797727,-6.277111],[106.797699,-6.277249],[106.797635,-6.277482]],[[106.795276,-6.291654],[106.795277,-6.291925],[106.795275,-6.292002]],[[106.795292,-6.290553],[106.795278,-6.291258],[106.795277,-6.291286],[106.795277,-6.29148],[106.795277,-6.291547],[106.795276,-6.291654]],[[106.794746,-6.298262],[106.79474,-6.298311],[106.794726,-6.298409]],[[106.795263,-6.292853],[106.795195,-6.293801],[106.795194,-6.293857],[106.795186,-6.294081],[106.795171,-6.294503],[106.795166,-6.294606],[106.795162,-6.294676],[106.795162,-6.294697],[106.795129,-6.29528]],[[106.795145,-6.292876],[106.795171,-6.292579],[106.795173,-6.29253],[106.795177,-6.292461]],[[106.794768,-6.298118],[106.794746,-6.298262]],[[106.795935,-6.283756],[106.795959,-6.283321]],[[106.796011,-6.28237],[106.796046,-6.282062],[106.796084,-6.281885],[106.796119,-6.281756],[106.796153,-6.281625],[106.796195,-6.281466],[106.796216,-6.281388],[106.79628,-6.281155],[106.7963,-6.281086],[106.796358,-6.280876],[106.79637,-6.280833],[106.796462,-6.280543],[106.796506,-6.280432],[106.796624,-6.280176],[106.796765,-6.279872],[106.796815,-6.279754],[106.796967,-6.279378],[106.797008,-6.279236]],[[106.797151,-6.279205],[106.797132,-6.27927]],[[106.797475,-6.277605],[106.797518,-6.277453]],[[106.797635,-6.277482],[106.797594,-6.277641]],[[106.797353,-6.267417],[106.797353,-6.267462],[106.797358,-6.267752]],[[106.795959,-6.283321],[106.795964,-6.283228],[106.795987,-6.28283],[106.795989,-6.282797],[106.796011,-6.28237]],[[106.797132,-6.27927],[106.797126,-6.27929],[106.79712,-6.279311],[106.797081,-6.279439],[106.797034,-6.279573],[106.796906,-6.279857],[106.796819,-6.280046],[106.796634,-6.280452],[106.796574,-6.280598],[106.796487,-6.280835],[106.796382,-6.281184],[106.796367,-6.281237],[106.796295,-6.281492],[106.796251,-6.28165],[106.79619,-6.281898],[106.79614,-6.282134]],[[106.797008,-6.279236],[106.797027,-6.27917]],[[106.797435,-6.265835],[106.797433,-6.265886]],[[106.797495,-6.269851],[106.797499,-6.269905],[106.797504,-6.269965],[106.797513,-6.270073],[106.797536,-6.270437],[106.797559,-6.270818],[106.797565,-6.270891],[106.797589,-6.271183],[106.797599,-6.271271],[106.797608,-6.271398],[106.797634,-6.271779]],[[106.79738,-6.269867],[106.797296,-6.268887],[106.797266,-6.268462],[106.797259,-6.268339],[106.797253,-6.268232],[106.797247,-6.26806],[106.797245,-6.267993],[106.797244,-6.267944],[106.797235,-6.267718],[106.797228,-6.26745],[106.797228,-6.267409]],[[106.797228,-6.267409],[106.797228,-6.267365]],[[106.797301,-6.265883],[106.797304,-6.265825]],[[106.795873,-6.285553],[106.795859,-6.285652],[106.795852,-6.285713],[106.795793,-6.286101],[106.795742,-6.286388],[106.795719,-6.286525],[106.795693,-6.286664],[106.795645,-6.286888],[106.795616,-6.287036]],[[106.795765,-6.285537],[106.795801,-6.285246],[106.795834,-6.284989],[106.795839,-6.284936],[106.795843,-6.284907],[106.795871,-6.284647],[106.795899,-6.284333],[106.795935,-6.283756]],[[106.797609,-6.277085],[106.797649,-6.276869],[106.797669,-6.276697],[106.797679,-6.276531],[106.79768,-6.276476],[106.797682,-6.27642],[106.797671,-6.275957],[106.797668,-6.275655],[106.797656,-6.275086],[106.79764,-6.274472],[106.797628,-6.273954]],[[106.797634,-6.271779],[106.797651,-6.272069],[106.797677,-6.272462],[106.7977,-6.27285],[106.797733,-6.273655],[106.797739,-6.273864],[106.797742,-6.273962]]]}},{"type":"Feature","properties":{"id":"suryopranoto","name":"Jl. Suryopranoto","group":"west"},"geometry":{"type":"MultiLineString","coordinates":[[[106.819652,-6.169069],[106.819531,-6.169231]],[[106.819444,-6.169062],[106.819532,-6.168948]],[[106.820796,-6.167511],[106.820834,-6.167452],[106.820895,-6.167371]],[[106.819574,-6.168896],[106.819713,-6.168722],[106.819855,-6.168552],[106.820485,-6.167917],[106.820587,-6.167804],[106.820654,-6.167713]],[[106.815998,-6.170071],[106.816234,-6.170031],[106.816289,-6.170022],[106.816373,-6.170008],[106.816413,-6.170001],[106.816783,-6.169939],[106.817312,-6.169851],[106.817358,-6.169844],[106.817438,-6.169829],[106.817879,-6.169747],[106.817894,-6.169743],[106.818251,-6.169664],[106.818576,-6.16958],[106.818767,-6.169526],[106.818886,-6.16949],[106.819062,-6.169415],[106.819237,-6.169299],[106.819406,-6.169115],[106.819444,-6.169062]],[[106.819217,-6.169524],[106.819119,-6.169583],[106.818999,-6.169633],[106.818749,-6.169707],[106.818224,-6.169837],[106.818007,-6.169881],[106.81767,-6.169944]],[[106.820752,-6.167841],[106.82068,-6.167936],[106.820005,-6.168626],[106.819814,-6.168862],[106.819652,-6.169069]],[[106.81767,-6.169944],[106.817341,-6.170003],[106.817083,-6.17005],[106.816717,-6.170123],[106.815971,-6.170252]],[[106.819531,-6.169231],[106.81951,-6.169259]],[[106.81951,-6.169259],[106.819371,-6.169402],[106.819217,-6.169524]],[[106.81481,-6.170251],[106.815293,-6.170178],[106.815388,-6.170164],[106.81594,-6.17008]],[[106.815971,-6.170252],[106.814843,-6.170426]],[[106.820692,-6.167661],[106.820703,-6.167647],[106.820796,-6.167511]],[[106.820895,-6.167371],[106.820937,-6.167322]],[[106.820654,-6.167713],[106.820692,-6.167661]],[[106.82076,-6.167831],[106.820752,-6.167841]],[[106.81594,-6.17008],[106.815998,-6.170071]],[[106.814757,-6.170259],[106.81481,-6.170251]],[[106.814843,-6.170426],[106.814801,-6.170432]],[[106.819532,-6.168948],[106.819574,-6.168896]]]}},{"type":"Feature","properties":{"id":"balikpapan","name":"Jl. Balikpapan","group":"west"},"geometry":{"type":"MultiLineString","coordinates":[[[106.811306,-6.170885],[106.812435,-6.170683],[106.813015,-6.170579],[106.813355,-6.170518],[106.81376,-6.170445]],[[106.813799,-6.170611],[106.812525,-6.170847],[106.811652,-6.170998]],[[106.811129,-6.171086],[106.81109,-6.171091]],[[106.810824,-6.170939],[106.81088,-6.170933]],[[106.811652,-6.170998],[106.811585,-6.171009],[106.811143,-6.171085]],[[106.811125,-6.170907],[106.811306,-6.170885]],[[106.81376,-6.170445],[106.814722,-6.170265]],[[106.81476,-6.170439],[106.8143,-6.170522],[106.813799,-6.170611]],[[106.81109,-6.171091],[106.810886,-6.171114]],[[106.810886,-6.171114],[106.810838,-6.17112]],[[106.811072,-6.170914],[106.811101,-6.17091],[106.811114,-6.170909]],[[106.81088,-6.170933],[106.811072,-6.170914]],[[106.811143,-6.171085],[106.811129,-6.171086]],[[106.811114,-6.170909],[106.811125,-6.170907]],[[106.814722,-6.170265],[106.814757,-6.170259]],[[106.814801,-6.170432],[106.81476,-6.170439]]]}},{"type":"Feature","properties":{"id":"kyai-caringin","name":"Jl. Kyai Caringin","group":"west"},"geometry":{"type":"MultiLineString","coordinates":[[[106.810451,-6.17119],[106.810183,-6.171235],[106.809955,-6.171274],[106.809774,-6.171305],[106.809721,-6.171315],[106.809119,-6.171417],[106.808833,-6.171465],[106.808725,-6.171489],[106.808676,-6.171502]],[[106.807474,-6.172023],[106.807926,-6.171748],[106.808308,-6.171541],[106.808582,-6.171397]],[[106.808582,-6.171397],[106.808657,-6.171359]],[[106.808608,-6.171521],[106.808531,-6.171554],[106.808374,-6.171628],[106.808049,-6.1718],[106.807639,-6.17204],[106.807271,-6.172297],[106.80685,-6.172587]],[[106.80678,-6.172497],[106.807474,-6.172023]],[[106.810825,-6.171122],[106.810451,-6.17119]],[[106.810565,-6.170986],[106.810811,-6.170941]],[[106.808676,-6.171502],[106.808608,-6.171521]],[[106.809651,-6.171161],[106.809925,-6.171103],[106.810416,-6.171011],[106.810565,-6.170986]],[[106.808657,-6.171359],[106.808818,-6.171309],[106.809651,-6.171161]],[[106.810811,-6.170941],[106.810824,-6.170939]],[[106.810838,-6.17112],[106.810825,-6.171122]]]}},{"type":"Feature","properties":{"id":"tomang-raya","name":"Jl. Tomang Raya","group":"west"},"geometry":{"type":"MultiLineString","coordinates":[[[106.802434,-6.175471],[106.802352,-6.175533],[106.801745,-6.175982],[106.801572,-6.176111],[106.801444,-6.176205],[106.801363,-6.176262],[106.801058,-6.17648]],[[106.80685,-6.172587],[106.805767,-6.173346],[106.805385,-6.173628],[106.804532,-6.174261]],[[106.804468,-6.174168],[106.805321,-6.173542],[106.805732,-6.173245],[106.80678,-6.172497]],[[106.804815,-6.173496],[106.80485,-6.173546]],[[106.804363,-6.174674],[106.804399,-6.17462],[106.80459,-6.174509]],[[106.795679,-6.179552],[106.79581,-6.17948],[106.795897,-6.179427]],[[106.802632,-6.175201],[106.802724,-6.174971],[106.802835,-6.174804],[106.802967,-6.174621]],[[106.803445,-6.175099],[106.803254,-6.175141],[106.803091,-6.175176],[106.803045,-6.175186],[106.802965,-6.175193],[106.802851,-6.1752]],[[106.802632,-6.175201],[106.80293,-6.175021],[106.80324,-6.174869]],[[106.804532,-6.174261],[106.804421,-6.174334],[106.804245,-6.174444],[106.803731,-6.174725],[106.80347,-6.174861]],[[106.805131,-6.173918],[106.805203,-6.174042],[106.805214,-6.174082],[106.805217,-6.174126]],[[106.804971,-6.173703],[106.805131,-6.173918]],[[106.796023,-6.179642],[106.795983,-6.179663],[106.795906,-6.179698],[106.795757,-6.179759]],[[106.795954,-6.179396],[106.796024,-6.179361]],[[106.79751,-6.178671],[106.797646,-6.178628],[106.797793,-6.178554]],[[106.796582,-6.179106],[106.796806,-6.179003],[106.796835,-6.178989],[106.79751,-6.178671]],[[106.796622,-6.179318],[106.796559,-6.179351],[106.796513,-6.179377],[106.796479,-6.179395],[106.796368,-6.179459]],[[106.80009,-6.177161],[106.800049,-6.177188],[106.799996,-6.177224]],[[106.799996,-6.177224],[106.799666,-6.177452],[106.799579,-6.177519],[106.799327,-6.177705],[106.79913,-6.177836],[106.798777,-6.178072],[106.798496,-6.178257],[106.798258,-6.178414],[106.798074,-6.178523],[106.797871,-6.178628],[106.797657,-6.178735],[106.797611,-6.178763]],[[106.800143,-6.176992],[106.800577,-6.176684],[106.801047,-6.176357]],[[106.801047,-6.176357],[106.801299,-6.176179],[106.802272,-6.175475],[106.802435,-6.175356],[106.802632,-6.175201]],[[106.799982,-6.177115],[106.800019,-6.177087],[106.800143,-6.176992]],[[106.799884,-6.177185],[106.799982,-6.177115]],[[106.799036,-6.177768],[106.799269,-6.177605],[106.799884,-6.177185]],[[106.798079,-6.178393],[106.798699,-6.178007],[106.799036,-6.177768]],[[106.802569,-6.175371],[106.802434,-6.175471]],[[106.802804,-6.175227],[106.802752,-6.175262],[106.802682,-6.175305],[106.802569,-6.175371]],[[106.802851,-6.1752],[106.802804,-6.175227]],[[106.797193,-6.17901],[106.797105,-6.179056],[106.796846,-6.179191],[106.796622,-6.179318]],[[106.80485,-6.173546],[106.804971,-6.173703]],[[106.802967,-6.174621],[106.803225,-6.174474],[106.803376,-6.174387],[106.803491,-6.174321],[106.803546,-6.174288],[106.80368,-6.174209]],[[106.80368,-6.174209],[106.804049,-6.173977]],[[106.804049,-6.173977],[106.80452,-6.173681],[106.804815,-6.173496]],[[106.804846,-6.174396],[106.80494,-6.174337],[106.804986,-6.17431],[106.805073,-6.174258],[106.805205,-6.17415],[106.805217,-6.174126]],[[106.803445,-6.175099],[106.803761,-6.174953],[106.804363,-6.174674]],[[106.804533,-6.174609],[106.804424,-6.174666],[106.804363,-6.174674]],[[106.80324,-6.174869],[106.803752,-6.174598],[106.80427,-6.174309],[106.804468,-6.174168]],[[106.796368,-6.179459],[106.796023,-6.179642]],[[106.796024,-6.179361],[106.796071,-6.179337],[106.796253,-6.179249]],[[106.796253,-6.179249],[106.796383,-6.179181],[106.796405,-6.179173],[106.796582,-6.179106]],[[106.797793,-6.178554],[106.798079,-6.178393]],[[106.795897,-6.179427],[106.795954,-6.179396]],[[106.80347,-6.174861],[106.802851,-6.1752]],[[106.80459,-6.174509],[106.804648,-6.174479],[106.804789,-6.1744],[106.804846,-6.174396]],[[106.804846,-6.174396],[106.804814,-6.174438],[106.804776,-6.174462]],[[106.801058,-6.17648],[106.800201,-6.177087],[106.80009,-6.177161]],[[106.797611,-6.178763],[106.797193,-6.17901]],[[106.804776,-6.174462],[106.804675,-6.174526],[106.804619,-6.174556],[106.804533,-6.174609]]]}},{"type":"Feature","properties":{"id":"s-parman","name":"Jl. Jenderal S. Parman","group":"west","note":"Tomang Raya → Gatot Subroto"},"geometry":{"type":"MultiLineString","coordinates":[[[106.79529,-6.178551],[106.795108,-6.178317],[106.794899,-6.178078],[106.794721,-6.177939],[106.794662,-6.177901]],[[106.796418,-6.181238],[106.796428,-6.181171],[106.796456,-6.181059],[106.796452,-6.180891],[106.796438,-6.180761],[106.796406,-6.180641]],[[106.78767,-6.167984],[106.787657,-6.167574],[106.787663,-6.16742]],[[106.787722,-6.16972],[106.7877,-6.169515],[106.787676,-6.168948],[106.787675,-6.168894],[106.787667,-6.168751],[106.787667,-6.168611],[106.787668,-6.168184],[106.78767,-6.167984]],[[106.795679,-6.179552],[106.795618,-6.17942]],[[106.793994,-6.177276],[106.793832,-6.177132],[106.793335,-6.176678],[106.79319,-6.176533],[106.793171,-6.176514],[106.792929,-6.176294],[106.792682,-6.176069],[106.792648,-6.176038],[106.792205,-6.17564],[106.791777,-6.17526],[106.791515,-6.175034],[106.791355,-6.17489],[106.791245,-6.1748]],[[106.795757,-6.179759],[106.795679,-6.179552]],[[106.787732,-6.167093],[106.787741,-6.167064],[106.787778,-6.166967],[106.787806,-6.166892]],[[106.789711,-6.173638],[106.789529,-6.173476],[106.789403,-6.17335],[106.789285,-6.1732],[106.78914,-6.17299],[106.788834,-6.172537],[106.788609,-6.172177],[106.788464,-6.171924],[106.788386,-6.171771],[106.788239,-6.171452],[106.78814,-6.171222],[106.788066,-6.171007],[106.7879,-6.170491],[106.787853,-6.170331],[106.787801,-6.170152],[106.787766,-6.170013],[106.787748,-6.169902],[106.787744,-6.169875],[106.787731,-6.169788],[106.787723,-6.169731],[106.787722,-6.16972]],[[106.790824,-6.174468],[106.790751,-6.174413],[106.7898,-6.173704]],[[106.787676,-6.167387],[106.787702,-6.16721],[106.787732,-6.167093]],[[106.798431,-6.199696],[106.798274,-6.199317],[106.798122,-6.198847],[106.798081,-6.19872],[106.797969,-6.198376],[106.797925,-6.198242],[106.797825,-6.197936],[106.79774,-6.197651],[106.797704,-6.197486],[106.797632,-6.197157],[106.797624,-6.19712],[106.797565,-6.196864],[106.797455,-6.196432],[106.7973,-6.19578],[106.797196,-6.19518],[106.797157,-6.194894],[106.797089,-6.194217],[106.797087,-6.194158],[106.797079,-6.193942],[106.79707,-6.193743],[106.797053,-6.193418],[106.797035,-6.193059],[106.79702,-6.192772],[106.797007,-6.192506],[106.796988,-6.192146],[106.796972,-6.191832],[106.796959,-6.191653],[106.796957,-6.191611],[106.79695,-6.191451],[106.796947,-6.191378],[106.796939,-6.191185],[106.796933,-6.191056],[106.796936,-6.190839],[106.796947,-6.190678],[106.79696,-6.190594]],[[106.796406,-6.180641],[106.796303,-6.180326],[106.796167,-6.180006],[106.796045,-6.17973],[106.795947,-6.179525],[106.795832,-6.179324],[106.795739,-6.179171],[106.795588,-6.178938],[106.79529,-6.178551]],[[106.797472,-6.193748],[106.797519,-6.194085],[106.797563,-6.194399],[106.797613,-6.194762],[106.797631,-6.194887],[106.797687,-6.195205],[106.797708,-6.19532],[106.797715,-6.195366],[106.797724,-6.195429],[106.797754,-6.195601],[106.797755,-6.195619],[106.797781,-6.195827],[106.797883,-6.196342],[106.797895,-6.196402],[106.797901,-6.196436],[106.797946,-6.196642],[106.797973,-6.196746],[106.798028,-6.196971],[106.798087,-6.19726],[106.798218,-6.197722],[106.798245,-6.197814],[106.798461,-6.198455],[106.798566,-6.198705],[106.798725,-6.199086],[106.798747,-6.199139],[106.798861,-6.199378]],[[106.795453,-6.178068],[106.795604,-6.178239],[106.795693,-6.178351],[106.795756,-6.178428],[106.795885,-6.178601],[106.795926,-6.178675],[106.795971,-6.178754]],[[106.792657,-6.175323],[106.792835,-6.175488],[106.793113,-6.175751],[106.793209,-6.175848],[106.79337,-6.176003],[106.793559,-6.176187],[106.793798,-6.176429]],[[106.791972,-6.174784],[106.792122,-6.174862],[106.792276,-6.174994],[106.792631,-6.175301],[106.792657,-6.175323]],[[106.789394,-6.172077],[106.789605,-6.172345],[106.789768,-6.172526],[106.78991,-6.172684],[106.790066,-6.172848],[106.790188,-6.17297],[106.790226,-6.173008],[106.790423,-6.173204],[106.790726,-6.173577],[106.790755,-6.173608],[106.791333,-6.174169],[106.791682,-6.174493],[106.791761,-6.174578],[106.791972,-6.174784]],[[106.78875,-6.170746],[106.788884,-6.171125]],[[106.788657,-6.170503],[106.78875,-6.170746]],[[106.788403,-6.169384],[106.788415,-6.169448],[106.788552,-6.170185],[106.788657,-6.170503]],[[106.796318,-6.180923],[106.796301,-6.180871],[106.796306,-6.180802],[106.796293,-6.180743],[106.796209,-6.180463]],[[106.796209,-6.180463],[106.79616,-6.180405],[106.796045,-6.180246]],[[106.796045,-6.180246],[106.796018,-6.180215],[106.795993,-6.180178],[106.795946,-6.180122],[106.795885,-6.180044],[106.795843,-6.179975],[106.795757,-6.179759]],[[106.796418,-6.181238],[106.796364,-6.181087],[106.796318,-6.180923]],[[106.796521,-6.181764],[106.796465,-6.181491]],[[106.796568,-6.182292],[106.796556,-6.181998]],[[106.79696,-6.190594],[106.796954,-6.190447],[106.796946,-6.190284],[106.79694,-6.190157],[106.796933,-6.189931],[106.796926,-6.189816],[106.796906,-6.189268]],[[106.796848,-6.188624],[106.796803,-6.186822],[106.796802,-6.186765],[106.796786,-6.186341],[106.796774,-6.185902],[106.796755,-6.18534],[106.796746,-6.185162],[106.79672,-6.184817],[106.796719,-6.184694],[106.796691,-6.184043],[106.796661,-6.183488],[106.796568,-6.182292]],[[106.796465,-6.181491],[106.796418,-6.181238]],[[106.797347,-6.18986],[106.797351,-6.189947],[106.797354,-6.190039],[106.797359,-6.190293],[106.797361,-6.190395],[106.797366,-6.190602],[106.797369,-6.190759],[106.79738,-6.191074],[106.797386,-6.191222]],[[106.797237,-6.187263],[106.797261,-6.18766],[106.79728,-6.188635],[106.797293,-6.188978],[106.797305,-6.189203]],[[106.797083,-6.182499],[106.797113,-6.182968],[106.797116,-6.183159],[106.797118,-6.183492],[106.797131,-6.183886],[106.797148,-6.184294],[106.797148,-6.184338],[106.797156,-6.184516],[106.79718,-6.184803],[106.797198,-6.185297],[106.797209,-6.185908]],[[106.796782,-6.180456],[106.796863,-6.180708],[106.796879,-6.180815],[106.796881,-6.180942],[106.796906,-6.181206],[106.79693,-6.181319],[106.797004,-6.181618],[106.797037,-6.181858]],[[106.796368,-6.179459],[106.796545,-6.1798],[106.796614,-6.179961],[106.796682,-6.18015],[106.796718,-6.180254],[106.796782,-6.180456]],[[106.788884,-6.171125],[106.788938,-6.171259],[106.78917,-6.171722],[106.789379,-6.172056],[106.789394,-6.172077]],[[106.797037,-6.181858],[106.797068,-6.182256],[106.797083,-6.182499]],[[106.787771,-6.169585],[106.787808,-6.169457],[106.787823,-6.169368],[106.787828,-6.169293]],[[106.796556,-6.181998],[106.796521,-6.181764]],[[106.7898,-6.173704],[106.789711,-6.173638]],[[106.794973,-6.177521],[106.795127,-6.177683],[106.795383,-6.177977],[106.795453,-6.178068]],[[106.793798,-6.176429],[106.794036,-6.176664],[106.794178,-6.176793],[106.794352,-6.176955],[106.79441,-6.177009],[106.794507,-6.1771],[106.794817,-6.177384],[106.794973,-6.177521]],[[106.798861,-6.199378],[106.79899,-6.199658]],[[106.795185,-6.178743],[106.795079,-6.178549],[106.795004,-6.178395],[106.794927,-6.17825],[106.794887,-6.178174],[106.794832,-6.178094],[106.794662,-6.177901]],[[106.788067,-6.167475],[106.788105,-6.167291]],[[106.787828,-6.169293],[106.78784,-6.168865],[106.787857,-6.168633],[106.787885,-6.168409],[106.787983,-6.167873],[106.788067,-6.167475]],[[106.78842,-6.167625],[106.788378,-6.167928],[106.78834,-6.168422],[106.788349,-6.168865],[106.788355,-6.169058],[106.788365,-6.169152],[106.788374,-6.16923],[106.788403,-6.169384]],[[106.788459,-6.167424],[106.78842,-6.167625]],[[106.791245,-6.1748],[106.791058,-6.174655],[106.790824,-6.174468]],[[106.797386,-6.191222],[106.797403,-6.191582],[106.797412,-6.191816],[106.797417,-6.192105],[106.79742,-6.192199],[106.797433,-6.192491],[106.797436,-6.192569],[106.797446,-6.192946],[106.79745,-6.193067],[106.797458,-6.193377],[106.797462,-6.193491],[106.797463,-6.193545],[106.797465,-6.193635],[106.797472,-6.193748]],[[106.797305,-6.189203],[106.797324,-6.189437]],[[106.797324,-6.189437],[106.797347,-6.18986]],[[106.795618,-6.17942],[106.795577,-6.179339]],[[106.797209,-6.185908],[106.797211,-6.186073]],[[106.797211,-6.186073],[106.797236,-6.186507],[106.797241,-6.186687],[106.797236,-6.187003],[106.797236,-6.187171],[106.797237,-6.187263]],[[106.796295,-6.179313],[106.796368,-6.179459]],[[106.795971,-6.178754],[106.796053,-6.178899],[106.796076,-6.178938],[106.79619,-6.179139],[106.796235,-6.179218],[106.796253,-6.179249]],[[106.796253,-6.179249],[106.796295,-6.179313]],[[106.798549,-6.199989],[106.798431,-6.199696]],[[106.795461,-6.179157],[106.795371,-6.179018],[106.795204,-6.178769]],[[106.787722,-6.16972],[106.787771,-6.169585]],[[106.796906,-6.189268],[106.796899,-6.189235],[106.796892,-6.189217],[106.796872,-6.189171],[106.796867,-6.189147],[106.796862,-6.189046],[106.796861,-6.189014],[106.796848,-6.188624]],[[106.795577,-6.179339],[106.795461,-6.179157]],[[106.794662,-6.177901],[106.794433,-6.177688],[106.793994,-6.177276]],[[106.795204,-6.178769],[106.795185,-6.178743]],[[106.787663,-6.16742],[106.787676,-6.167387]]]}},{"type":"Feature","properties":{"id":"gatot-subroto","name":"Jl. Gatot Subroto","group":"ring"},"geometry":{"type":"MultiLineString","coordinates":[[[106.840985,-6.242122],[106.841034,-6.242173],[106.841067,-6.2422],[106.841181,-6.242229]],[[106.829843,-6.238676],[106.8297,-6.238604],[106.829578,-6.238544],[106.829348,-6.238423],[106.828837,-6.238102],[106.828191,-6.237689]],[[106.812564,-6.220063],[106.811872,-6.219049]],[[106.812252,-6.218851],[106.812859,-6.219723]],[[106.80015,-6.201892],[106.800198,-6.201996],[106.800233,-6.202063],[106.800295,-6.202181],[106.800623,-6.202774],[106.800838,-6.203218],[106.800855,-6.203252]],[[106.800249,-6.202277],[106.800893,-6.203624],[106.801155,-6.204166]],[[106.800881,-6.20454],[106.799814,-6.202345]],[[106.804489,-6.20924],[106.803838,-6.208502],[106.803779,-6.208433],[106.80335,-6.207933],[106.803118,-6.207654],[106.802088,-6.206407]],[[106.819183,-6.22896],[106.819205,-6.228992],[106.819236,-6.229034],[106.819322,-6.229119],[106.819433,-6.229232],[106.819486,-6.229279],[106.819696,-6.229572],[106.819735,-6.229625],[106.819987,-6.230021],[106.820052,-6.230119],[106.82021,-6.230377],[106.820473,-6.230808],[106.820634,-6.231072],[106.82066,-6.231113]],[[106.833544,-6.240358],[106.833667,-6.240385],[106.834101,-6.240501],[106.834612,-6.240624],[106.835075,-6.240742],[106.835114,-6.240749],[106.835161,-6.240752],[106.835285,-6.240739]],[[106.808286,-6.213101],[106.808465,-6.213309],[106.80869,-6.2136],[106.808859,-6.213825],[106.808926,-6.213908]],[[106.829843,-6.238676],[106.829731,-6.238576],[106.829621,-6.238498],[106.829493,-6.238415]],[[106.816814,-6.226291],[106.816782,-6.226244],[106.816631,-6.226021],[106.8163,-6.225535],[106.81593,-6.224991],[106.815776,-6.224759]],[[106.838607,-6.242048],[106.838268,-6.241955],[106.837935,-6.241868],[106.837853,-6.241855],[106.837738,-6.241846],[106.837661,-6.241833],[106.837583,-6.24182],[106.837133,-6.24171],[106.836697,-6.241606]],[[106.824676,-6.234861],[106.824753,-6.234897],[106.825026,-6.235022],[106.825252,-6.23514],[106.825465,-6.23527]],[[106.83259,-6.24043],[106.832378,-6.240309],[106.832336,-6.240285],[106.832203,-6.240208]],[[106.834337,-6.241035],[106.834258,-6.241017],[106.833958,-6.240936],[106.8335,-6.240814],[106.833464,-6.240803],[106.833147,-6.240707],[106.83296,-6.240621],[106.83259,-6.24043]],[[106.799991,-6.201463],[106.800017,-6.201537],[106.800038,-6.201598],[106.800076,-6.201735]],[[106.799984,-6.204297],[106.800392,-6.204039],[106.800419,-6.203987],[106.80043,-6.203803]],[[106.827308,-6.236622],[106.827703,-6.236876],[106.828238,-6.237223],[106.829514,-6.237998]],[[106.829514,-6.237998],[106.829612,-6.238058],[106.829709,-6.238112],[106.829768,-6.238133],[106.829825,-6.238154]],[[106.83249,-6.239817],[106.832993,-6.239983],[106.833276,-6.240112],[106.833809,-6.240297],[106.833869,-6.240316],[106.833976,-6.240349],[106.83442,-6.240482],[106.834558,-6.240519],[106.834857,-6.240603],[106.83513,-6.240686],[106.835285,-6.240739]],[[106.801155,-6.204166],[106.801178,-6.204213],[106.801359,-6.20456],[106.801529,-6.204857]],[[106.801363,-6.205443],[106.801118,-6.205004],[106.800888,-6.204554],[106.800881,-6.20454]],[[106.817232,-6.226086],[106.817302,-6.22618]],[[106.813781,-6.221079],[106.813806,-6.221115],[106.813905,-6.221262],[106.814054,-6.221483],[106.81412,-6.22158],[106.814315,-6.221857],[106.81438,-6.221949],[106.814543,-6.222187],[106.814608,-6.222281]],[[106.816963,-6.226514],[106.816814,-6.226291]],[[106.817687,-6.227589],[106.817394,-6.227159],[106.817221,-6.226907],[106.817197,-6.226871],[106.816963,-6.226514]],[[106.827242,-6.237091],[106.827136,-6.237018]],[[106.827014,-6.236942],[106.826966,-6.236911],[106.82686,-6.236842]],[[106.827136,-6.237018],[106.827014,-6.236942]],[[106.82227,-6.233776],[106.822222,-6.233731],[106.822196,-6.233705],[106.82182,-6.23337],[106.821788,-6.233332],[106.821472,-6.232996],[106.821401,-6.232923],[106.821364,-6.232879],[106.821249,-6.232741],[106.821074,-6.2325],[106.821004,-6.232404],[106.820865,-6.232213],[106.820828,-6.232163],[106.820572,-6.2318],[106.820524,-6.23173],[106.820409,-6.231569],[106.819897,-6.230818],[106.819688,-6.230509],[106.819407,-6.230094],[106.819357,-6.230019],[106.818973,-6.22945],[106.818931,-6.229386],[106.818875,-6.229308],[106.818591,-6.2289],[106.818557,-6.22885],[106.817755,-6.227687]],[[106.828129,-6.237057],[106.828199,-6.237103],[106.828289,-6.23716],[106.828502,-6.237284],[106.828735,-6.237426],[106.828839,-6.237492],[106.829097,-6.237651],[106.829181,-6.237704],[106.829364,-6.237818],[106.82971,-6.238054],[106.829825,-6.238154]],[[106.843222,-6.243533],[106.842982,-6.243487]],[[106.842739,-6.243416],[106.842289,-6.24324],[106.84156,-6.24292]],[[106.84156,-6.24292],[106.841187,-6.242812],[106.840501,-6.242644],[106.839937,-6.242479],[106.839818,-6.242442]],[[106.811493,-6.21768],[106.811583,-6.217819],[106.811602,-6.217848],[106.811619,-6.217873],[106.811683,-6.217973],[106.811826,-6.218193],[106.81223,-6.218815]],[[106.811196,-6.217295],[106.81136,-6.21754]],[[106.813353,-6.221194],[106.813219,-6.221006],[106.812989,-6.220665],[106.812908,-6.220545],[106.812818,-6.22042],[106.812585,-6.220093]],[[106.81344,-6.22132],[106.813353,-6.221194]],[[106.815133,-6.223853],[106.81492,-6.223567],[106.814822,-6.223431]],[[106.815569,-6.224442],[106.815133,-6.223853]],[[106.815251,-6.223081],[106.8155,-6.223427],[106.8157,-6.223705],[106.81574,-6.22376],[106.815751,-6.223778],[106.815796,-6.223852],[106.81587,-6.223973],[106.816025,-6.224232],[106.816134,-6.224416],[106.816343,-6.224771]],[[106.814768,-6.222506],[106.81487,-6.222654],[106.814996,-6.222809],[106.815251,-6.223081]],[[106.816715,-6.225332],[106.816885,-6.225576],[106.817081,-6.225856]],[[106.817755,-6.227687],[106.817687,-6.227589]],[[106.815776,-6.224759],[106.815714,-6.224664],[106.815569,-6.224442]],[[106.81784,-6.226999],[106.817886,-6.227061],[106.817901,-6.227082],[106.81794,-6.227141],[106.818258,-6.227572],[106.818498,-6.227921],[106.818799,-6.228377],[106.819021,-6.228714],[106.819057,-6.228763]],[[106.817339,-6.226231],[106.817605,-6.226625],[106.817654,-6.226699],[106.817734,-6.226826],[106.81784,-6.226999]],[[106.819057,-6.228763],[106.819146,-6.228892],[106.819183,-6.22896]],[[106.817081,-6.225856],[106.817187,-6.226017],[106.817232,-6.226086]],[[106.810023,-6.216315],[106.80991,-6.21616],[106.809848,-6.216082]],[[106.809848,-6.216082],[106.809762,-6.215972]],[[106.809762,-6.215972],[106.809101,-6.215048]],[[106.811859,-6.219031],[106.811056,-6.21784]],[[106.811056,-6.21784],[106.810439,-6.216911]],[[106.81108,-6.217103],[106.811196,-6.217295]],[[106.826184,-6.235886],[106.827032,-6.236461],[106.827308,-6.236622]],[[106.829493,-6.238415],[106.827372,-6.237053],[106.826889,-6.236743],[106.826079,-6.236232],[106.825424,-6.23581],[106.825006,-6.235528],[106.824917,-6.235465]],[[106.824029,-6.23489],[106.823834,-6.23477],[106.823643,-6.234647]],[[106.824445,-6.235177],[106.824222,-6.235017],[106.824029,-6.23489]],[[106.825621,-6.236026],[106.825413,-6.235891],[106.825147,-6.235704],[106.82465,-6.235354],[106.824541,-6.235266],[106.824445,-6.235177]],[[106.826294,-6.236464],[106.826018,-6.236285],[106.825942,-6.236238]],[[106.824676,-6.234861],[106.8248,-6.234966],[106.824814,-6.234975],[106.825641,-6.235527],[106.826184,-6.235886]],[[106.828191,-6.237689],[106.82799,-6.237568],[106.827942,-6.23754],[106.827808,-6.237453],[106.827721,-6.237397],[106.82747,-6.237235],[106.827332,-6.237148],[106.827242,-6.237091]],[[106.800855,-6.203252],[106.801008,-6.203569]],[[106.84061,-6.242045],[106.840762,-6.242079],[106.840985,-6.242122]],[[106.839339,-6.241791],[106.839558,-6.241838],[106.839799,-6.241885],[106.840362,-6.241993]],[[106.837747,-6.241399],[106.837893,-6.241434],[106.83852,-6.241584],[106.838835,-6.241666]],[[106.84181,-6.242311],[106.841959,-6.242364],[106.842321,-6.242465],[106.842658,-6.242568],[106.842835,-6.242626],[106.842869,-6.242637]],[[106.801529,-6.204857],[106.80175,-6.205211],[106.80178,-6.205261]],[[106.802261,-6.20589],[106.802437,-6.206063],[106.802547,-6.206172],[106.802705,-6.206342],[106.802769,-6.206412],[106.803137,-6.206869],[106.803234,-6.206995],[106.803286,-6.207059],[106.803336,-6.207142],[106.803426,-6.207271],[106.803525,-6.207406],[106.803874,-6.207815],[106.804114,-6.20811],[106.804551,-6.20865],[106.805094,-6.209234],[106.805622,-6.209878]],[[106.807348,-6.212276],[106.807713,-6.212565]],[[106.805622,-6.209878],[106.805807,-6.21009],[106.806074,-6.210429],[106.806344,-6.210855],[106.806357,-6.210878],[106.806798,-6.211599],[106.806999,-6.211883],[106.807155,-6.212093],[106.807348,-6.212276]],[[106.842869,-6.242637],[106.843454,-6.242754],[106.84357,-6.242777]],[[106.841585,-6.242232],[106.84181,-6.242311]],[[106.824917,-6.235465],[106.82469,-6.235306],[106.82457,-6.235238],[106.824445,-6.235177]],[[106.80194,-6.205528],[106.802108,-6.205728]],[[106.826574,-6.236018],[106.826664,-6.236081],[106.826833,-6.236199],[106.826976,-6.236298],[106.827047,-6.236348],[106.827263,-6.236499],[106.827299,-6.236524]],[[106.809101,-6.215048],[106.808798,-6.214567],[106.808581,-6.214241],[106.808287,-6.213847],[106.808043,-6.213517],[106.807383,-6.212875]],[[106.80043,-6.203803],[106.799926,-6.202778],[106.799833,-6.202589],[106.799651,-6.20222]],[[106.814822,-6.223431],[106.81437,-6.222692]],[[106.831306,-6.239066],[106.831649,-6.239287],[106.83195,-6.239496],[106.831962,-6.239503],[106.832369,-6.23975],[106.83249,-6.239817]],[[106.829825,-6.238154],[106.829978,-6.238254],[106.830119,-6.238342],[106.830178,-6.238376],[106.830244,-6.238414],[106.830521,-6.238585],[106.830612,-6.238641]],[[106.81302,-6.219953],[106.813243,-6.220279],[106.813336,-6.220414],[106.813672,-6.220906]],[[106.802088,-6.206407],[106.801973,-6.206266],[106.801363,-6.205443]],[[106.817302,-6.22618],[106.817339,-6.226231]],[[106.810439,-6.216911],[106.810023,-6.216315]],[[106.82222,-6.233105],[106.822429,-6.233296],[106.822591,-6.233422],[106.822789,-6.233568],[106.823561,-6.234076],[106.823674,-6.234162],[106.823787,-6.234246],[106.824305,-6.234609],[106.824427,-6.234692],[106.824676,-6.234861]],[[106.821663,-6.232509],[106.82173,-6.23258],[106.82177,-6.232626],[106.821792,-6.232653]],[[106.813672,-6.220906],[106.813751,-6.221033]],[[106.812882,-6.219758],[106.81302,-6.219953]],[[106.802108,-6.205728],[106.802261,-6.20589]],[[106.840985,-6.242122],[106.841065,-6.242116],[106.841122,-6.242108],[106.841183,-6.242108],[106.841276,-6.24213],[106.841585,-6.242232]],[[106.823643,-6.234647],[106.823528,-6.234624],[106.823418,-6.234576],[106.823336,-6.234536]],[[106.831032,-6.239438],[106.830832,-6.239315],[106.830618,-6.239177],[106.830462,-6.239076]],[[106.838835,-6.241666],[106.838904,-6.241685],[106.839136,-6.241741],[106.839268,-6.241772],[106.839339,-6.241791]],[[106.816343,-6.224771],[106.816459,-6.224946],[106.816638,-6.225223],[106.816715,-6.225332]],[[106.835285,-6.240739],[106.835388,-6.240766],[106.8358,-6.240861]],[[106.8358,-6.240861],[106.836639,-6.241099],[106.836687,-6.241113],[106.836894,-6.241171],[106.837164,-6.24124],[106.837241,-6.241263],[106.837307,-6.241284],[106.837384,-6.241308],[106.837584,-6.241362],[106.837606,-6.241367],[106.837747,-6.241399]],[[106.830612,-6.238641],[106.830774,-6.238733],[106.830915,-6.238814],[106.83113,-6.238952],[106.831306,-6.239066]],[[106.835664,-6.241355],[106.835326,-6.241274],[106.835256,-6.241256],[106.835009,-6.241197],[106.834954,-6.241184],[106.834451,-6.241064],[106.834337,-6.241035]],[[106.830462,-6.239076],[106.829843,-6.238676]],[[106.827521,-6.23668],[106.827592,-6.236723],[106.827838,-6.236873],[106.828129,-6.237057]],[[106.827299,-6.236524],[106.827521,-6.23668]],[[106.809081,-6.21411],[106.809622,-6.21492]],[[106.809622,-6.21492],[106.810567,-6.21625],[106.810661,-6.216414]],[[106.84356,-6.243563],[106.843222,-6.243533]],[[106.821792,-6.232653],[106.822069,-6.232969],[106.82222,-6.233105]],[[106.821331,-6.232104],[106.821663,-6.232509]],[[106.82686,-6.236842],[106.826805,-6.236806],[106.826294,-6.236464]],[[106.825465,-6.23527],[106.825688,-6.235413]],[[106.825688,-6.235413],[106.826019,-6.235647],[106.826334,-6.23585]],[[106.831932,-6.240043],[106.831109,-6.239491]],[[106.841181,-6.242229],[106.841865,-6.242426],[106.842295,-6.24258],[106.842837,-6.242762],[106.84363,-6.242944]],[[106.836463,-6.24155],[106.835664,-6.241355]],[[106.813751,-6.221033],[106.813781,-6.221079]],[[106.81401,-6.222147],[106.813877,-6.221947],[106.81344,-6.22132]],[[106.839818,-6.242442],[106.838975,-6.242199],[106.838769,-6.242128],[106.838607,-6.242048]],[[106.82066,-6.231113],[106.820813,-6.231352],[106.820902,-6.231491],[106.820997,-6.231643]],[[106.820997,-6.231643],[106.821212,-6.231942],[106.821331,-6.232104]],[[106.822749,-6.234157],[106.82245,-6.233932],[106.82236,-6.233854],[106.822309,-6.23381],[106.82227,-6.233776]],[[106.823336,-6.234536],[106.823075,-6.234372],[106.822881,-6.234246],[106.822749,-6.234157]],[[106.842982,-6.243487],[106.842739,-6.243416]],[[106.833503,-6.24034],[106.833544,-6.240358]],[[106.80178,-6.205261],[106.80194,-6.205528]],[[106.826334,-6.23585],[106.82649,-6.235959],[106.826574,-6.236018]],[[106.825942,-6.236238],[106.825851,-6.236182],[106.825621,-6.236026]],[[106.811872,-6.219049],[106.811859,-6.219031]],[[106.840362,-6.241993],[106.840386,-6.241999],[106.840465,-6.242014],[106.84061,-6.242045]],[[106.836697,-6.241606],[106.836463,-6.24155]],[[106.832203,-6.240208],[106.831932,-6.240043]],[[106.81223,-6.218815],[106.812252,-6.218851]],[[106.812859,-6.219723],[106.812882,-6.219758]],[[106.810886,-6.216806],[106.81108,-6.217103]],[[106.81136,-6.21754],[106.811493,-6.21768]],[[106.812585,-6.220093],[106.812564,-6.220063]],[[106.81437,-6.222692],[106.814105,-6.222291],[106.81401,-6.222147]],[[106.831109,-6.239491],[106.831032,-6.239438]],[[106.814608,-6.222281],[106.814768,-6.222506]],[[106.800076,-6.201735],[106.800106,-6.201797],[106.80015,-6.201892]],[[106.799602,-6.202123],[106.799593,-6.20209],[106.799593,-6.202048],[106.799596,-6.202007],[106.799596,-6.201964],[106.799588,-6.201917]],[[106.84357,-6.242777],[106.843835,-6.242844]],[[106.807383,-6.212875],[106.807268,-6.212781],[106.807115,-6.212657],[106.80695,-6.212507],[106.806844,-6.212403],[106.806692,-6.212207],[106.806542,-6.211995],[106.806452,-6.211855]],[[106.810661,-6.216414],[106.810886,-6.216806]],[[106.806452,-6.211855],[106.805896,-6.210925],[106.805752,-6.210746],[106.805571,-6.210514],[106.805291,-6.210219],[106.805051,-6.20995],[106.804489,-6.20924]],[[106.808926,-6.213908],[106.809038,-6.214047],[106.809081,-6.21411]],[[106.807713,-6.212565],[106.808083,-6.212882],[106.808286,-6.213101]],[[106.799651,-6.20222],[106.799602,-6.202123]]]}},{"type":"Feature","properties":{"id":"mt-haryono","name":"Jl. M.T. Haryono","group":"ring"},"geometry":{"type":"MultiLineString","coordinates":[[[106.844445,-6.243023],[106.844519,-6.24304],[106.844593,-6.243057],[106.844711,-6.243084],[106.84488,-6.243122],[106.845283,-6.243181],[106.84558,-6.2432]],[[106.868307,-6.244159],[106.868927,-6.244329]],[[106.872294,-6.246061],[106.872407,-6.246101],[106.872497,-6.246133],[106.872589,-6.246166],[106.872785,-6.246236],[106.872963,-6.246288],[106.873252,-6.246374],[106.873493,-6.246445],[106.87376,-6.246523],[106.874004,-6.246615]],[[106.874004,-6.246615],[106.874153,-6.246688],[106.874305,-6.246773],[106.874468,-6.246882],[106.874714,-6.247048],[106.874778,-6.247089],[106.874843,-6.247146],[106.874865,-6.247167],[106.874959,-6.24724],[106.875046,-6.247319],[106.875141,-6.2474],[106.875374,-6.247594],[106.875624,-6.247809]],[[106.875624,-6.247809],[106.875963,-6.248091],[106.876167,-6.24823],[106.876355,-6.248357],[106.876529,-6.24845],[106.87677,-6.248542],[106.877042,-6.248578]],[[106.873973,-6.246721],[106.873688,-6.246622],[106.873423,-6.246544],[106.872974,-6.24644],[106.872849,-6.246412],[106.872721,-6.246392],[106.872624,-6.246377],[106.872497,-6.246353],[106.872371,-6.246323]],[[106.875505,-6.247851],[106.874903,-6.247313],[106.874571,-6.24706],[106.874411,-6.246961],[106.874225,-6.246849],[106.873973,-6.246721]],[[106.868927,-6.244329],[106.869197,-6.244418],[106.869472,-6.244551],[106.869608,-6.244623]],[[106.86504,-6.243548],[106.864958,-6.243524],[106.864728,-6.243472],[106.864328,-6.2434],[106.864281,-6.243391],[106.864225,-6.243381],[106.863926,-6.243352],[106.863587,-6.243337],[106.863169,-6.243319],[106.862776,-6.24331],[106.862753,-6.24331]],[[106.878502,-6.248693],[106.878106,-6.248757],[106.877938,-6.24877],[106.877675,-6.248791],[106.877357,-6.24877],[106.87715,-6.24876]],[[106.869739,-6.245285],[106.869517,-6.245144],[106.869288,-6.245017],[106.869109,-6.244933],[106.868916,-6.244857],[106.86871,-6.244775]],[[106.86871,-6.244775],[106.868206,-6.244586]],[[106.859905,-6.242887],[106.860136,-6.242881],[106.86026,-6.24288],[106.860456,-6.242882],[106.860738,-6.242895]],[[106.858362,-6.242926],[106.858875,-6.242914]],[[106.853812,-6.243386],[106.853712,-6.243387],[106.853449,-6.243388],[106.853367,-6.243388],[106.852952,-6.243385],[106.852852,-6.243384],[106.852647,-6.243387],[106.852579,-6.243387],[106.852162,-6.243394],[106.85138,-6.243432],[106.851172,-6.243449],[106.850942,-6.243465],[106.850785,-6.243475],[106.850234,-6.243505],[106.850173,-6.243508],[106.849561,-6.243543],[106.849368,-6.243554],[106.849229,-6.243556],[106.849151,-6.243557],[106.848389,-6.243597]],[[106.858898,-6.243443],[106.858628,-6.243438],[106.858399,-6.243434]],[[106.862311,-6.243318],[106.862207,-6.243318],[106.862064,-6.243322],[106.861884,-6.243327]],[[106.862753,-6.24331],[106.862311,-6.243318]],[[106.862426,-6.242927],[106.862728,-6.242924]],[[106.871807,-6.245951],[106.872047,-6.246008],[106.872294,-6.246061]],[[106.869908,-6.244858],[106.869963,-6.244922],[106.870053,-6.24502],[106.870145,-6.245108],[106.870241,-6.245205],[106.870312,-6.245278],[106.870354,-6.245324],[106.870443,-6.245409],[106.870511,-6.245471]],[[106.854022,-6.242973],[106.854058,-6.242973],[106.854079,-6.242974],[106.854164,-6.242975],[106.854424,-6.242972],[106.854842,-6.242971],[106.854894,-6.242971],[106.855265,-6.242972],[106.85539,-6.242973],[106.855528,-6.242973],[106.855625,-6.242973],[106.855699,-6.242973],[106.8559,-6.242971],[106.856199,-6.242971],[106.856682,-6.242965],[106.856715,-6.242965],[106.85678,-6.242965]],[[106.853782,-6.242974],[106.854022,-6.242973]],[[106.846577,-6.243708],[106.846229,-6.243721],[106.846046,-6.243719],[106.845359,-6.243672],[106.844742,-6.243631],[106.844606,-6.243623],[106.844273,-6.243616]],[[106.848667,-6.243124],[106.849019,-6.243079],[106.849059,-6.243073],[106.849286,-6.243043],[106.849491,-6.243023],[106.849582,-6.243015],[106.849727,-6.243005],[106.849836,-6.242997],[106.849998,-6.242988],[106.850157,-6.242983],[106.850397,-6.242981],[106.851218,-6.242976],[106.851245,-6.242976],[106.85132,-6.242977],[106.851729,-6.242967],[106.851905,-6.242963],[106.852102,-6.242961],[106.852176,-6.242962],[106.852217,-6.242961],[106.852313,-6.242963],[106.8526,-6.242969],[106.852698,-6.242972],[106.853044,-6.242971],[106.853415,-6.242972],[106.853758,-6.242974],[106.853782,-6.242974]],[[106.847441,-6.243227],[106.847512,-6.243223]],[[106.854027,-6.243383],[106.853812,-6.243386]],[[106.858399,-6.243434],[106.857918,-6.24341],[106.857388,-6.243405],[106.856676,-6.243392],[106.856504,-6.243393],[106.856107,-6.243389],[106.855328,-6.243384],[106.854426,-6.243383],[106.854376,-6.243383],[106.854027,-6.243383]],[[106.877098,-6.248595],[106.877176,-6.248608],[106.877377,-6.248653],[106.877666,-6.248653],[106.877673,-6.248653],[106.878047,-6.248629]],[[106.880115,-6.248199],[106.880006,-6.248259],[106.879885,-6.248312],[106.879737,-6.248365],[106.879485,-6.248451],[106.879271,-6.248512],[106.8791,-6.248557],[106.878931,-6.2486]],[[106.876775,-6.248669],[106.876518,-6.24855],[106.876286,-6.248421],[106.875882,-6.248158],[106.875505,-6.247851]],[[106.84688,-6.243241],[106.846995,-6.243238],[106.847028,-6.243237],[106.847148,-6.243234],[106.847441,-6.243227]],[[106.843835,-6.242844],[106.843949,-6.242874],[106.844041,-6.242898],[106.844294,-6.242975]],[[106.860738,-6.242895],[106.860759,-6.242896],[106.860932,-6.242907]],[[106.861089,-6.242925],[106.861444,-6.24292],[106.861924,-6.242923],[106.862136,-6.242924]],[[106.84558,-6.2432],[106.845855,-6.243207],[106.846393,-6.243226],[106.846491,-6.243229]],[[106.844294,-6.242975],[106.844445,-6.243023]],[[106.867251,-6.24424],[106.867081,-6.244177],[106.866836,-6.244097],[106.866465,-6.243988],[106.866312,-6.243933],[106.866227,-6.243904],[106.865737,-6.243747],[106.865485,-6.243671],[106.86504,-6.243548]],[[106.860932,-6.242907],[106.861089,-6.242925]],[[106.873847,-6.246392],[106.874052,-6.246454],[106.874279,-6.246537],[106.87448,-6.246626],[106.874704,-6.24675]],[[106.870982,-6.245722],[106.871294,-6.245816],[106.871501,-6.245876]],[[106.870619,-6.245559],[106.870715,-6.245614]],[[106.878931,-6.2486],[106.878713,-6.248651],[106.878502,-6.248693]],[[106.858875,-6.242914],[106.859519,-6.242905],[106.859905,-6.242887]],[[106.85678,-6.242965],[106.85755,-6.242958],[106.857988,-6.242941],[106.858362,-6.242926]],[[106.846491,-6.243229],[106.846699,-6.243236],[106.84688,-6.243241]],[[106.867653,-6.243969],[106.867703,-6.243984],[106.868307,-6.244159]],[[106.862728,-6.242924],[106.862799,-6.242922],[106.863048,-6.242913],[106.863199,-6.242909],[106.86329,-6.242909],[106.86333,-6.242909],[106.863503,-6.242911],[106.863774,-6.242919],[106.863788,-6.24292],[106.863826,-6.242922],[106.864063,-6.24294],[106.864295,-6.242968],[106.864319,-6.242971],[106.864541,-6.243006],[106.864657,-6.24303],[106.864744,-6.243049],[106.864932,-6.243091],[106.865365,-6.2432],[106.865877,-6.243366],[106.866973,-6.24371],[106.867076,-6.243747]],[[106.872503,-6.246096],[106.872717,-6.246132],[106.872936,-6.246176],[106.873437,-6.246293]],[[106.871501,-6.245876],[106.871753,-6.245939]],[[106.844273,-6.243616],[106.843957,-6.243602]],[[106.878437,-6.248571],[106.878644,-6.248526],[106.878835,-6.248464],[106.878852,-6.248458],[106.878939,-6.24843],[106.879031,-6.248398],[106.879233,-6.248325],[106.879297,-6.2483],[106.879516,-6.248215]],[[106.861884,-6.243327],[106.861214,-6.24334],[106.860942,-6.243334]],[[106.860942,-6.243334],[106.860594,-6.243393],[106.860186,-6.243433],[106.859782,-6.243438],[106.858898,-6.243443]],[[106.87715,-6.24876],[106.87695,-6.248727],[106.876775,-6.248669]],[[106.869608,-6.244623],[106.869702,-6.244682],[106.86977,-6.244728],[106.869838,-6.244788]],[[106.847553,-6.243221],[106.848057,-6.243194],[106.848162,-6.243188],[106.848189,-6.243186],[106.848214,-6.243184],[106.848266,-6.243176]],[[106.873874,-6.246904],[106.873559,-6.246737],[106.873376,-6.246658],[106.873234,-6.246601]],[[106.874359,-6.247219],[106.874,-6.246976],[106.873874,-6.246904]],[[106.872371,-6.246323],[106.872217,-6.246269],[106.872109,-6.246236],[106.871916,-6.24618],[106.871758,-6.246136]],[[106.868206,-6.244586],[106.867833,-6.24445],[106.867251,-6.24424]],[[106.846919,-6.243675],[106.846905,-6.243675],[106.846577,-6.243708]],[[106.848389,-6.243597],[106.847571,-6.243648],[106.847447,-6.243656],[106.847179,-6.243666],[106.846919,-6.243675]],[[106.870511,-6.245471],[106.870619,-6.245559]],[[106.874704,-6.24675],[106.87482,-6.246828],[106.874926,-6.246909]],[[106.843812,-6.243588],[106.84356,-6.243563]],[[106.870663,-6.245812],[106.87047,-6.245745],[106.870403,-6.245709],[106.870122,-6.24556]],[[106.871631,-6.246098],[106.871239,-6.245985]],[[106.873234,-6.246601],[106.872949,-6.246502],[106.872899,-6.246485],[106.872684,-6.246414],[106.872661,-6.246408],[106.872371,-6.246323]],[[106.873437,-6.246293],[106.873847,-6.246392]],[[106.869838,-6.244788],[106.869908,-6.244858]],[[106.847512,-6.243223],[106.847553,-6.243221]],[[106.867076,-6.243747],[106.867653,-6.243969]],[[106.868687,-6.244872],[106.868159,-6.244665]],[[106.868159,-6.244665],[106.867389,-6.244341],[106.867251,-6.24424]],[[106.869739,-6.245285],[106.868687,-6.244872]],[[106.870122,-6.24556],[106.869831,-6.245342],[106.869739,-6.245285]],[[106.848266,-6.243176],[106.848492,-6.243149],[106.84857,-6.243137],[106.848657,-6.243126],[106.848667,-6.243124]],[[106.870715,-6.245614],[106.870801,-6.245653],[106.870872,-6.245683],[106.870982,-6.245722]],[[106.843957,-6.243602],[106.843812,-6.243588]],[[106.871758,-6.246136],[106.871703,-6.246121],[106.871631,-6.246098]],[[106.871753,-6.245939],[106.871807,-6.245951]],[[106.871239,-6.245985],[106.870837,-6.245868],[106.870663,-6.245812]],[[106.878047,-6.248629],[106.878437,-6.248571]],[[106.877042,-6.248578],[106.877098,-6.248595]],[[106.872294,-6.246061],[106.872503,-6.246096]],[[106.862136,-6.242924],[106.862426,-6.242927]]]}},{"type":"Feature","properties":{"id":"hr-rasuna-said","name":"Jl. H.R. Rasuna Said","group":"ring"},"geometry":{"type":"MultiLineString","coordinates":[[[106.832805,-6.225137],[106.832774,-6.224874],[106.832736,-6.224342],[106.832703,-6.224082],[106.832671,-6.223886],[106.832636,-6.223742],[106.832486,-6.223103],[106.832401,-6.222749],[106.83232,-6.22242],[106.832113,-6.221577],[106.832091,-6.22149],[106.831998,-6.221133],[106.831965,-6.221011],[106.831884,-6.220762],[106.831815,-6.220587],[106.831753,-6.220448],[106.831485,-6.21983],[106.83139,-6.219591],[106.831222,-6.219089],[106.831065,-6.218591]],[[106.830419,-6.2141],[106.830389,-6.214014],[106.830352,-6.21396],[106.830297,-6.213903],[106.830234,-6.213853],[106.830046,-6.213699],[106.829773,-6.21356],[106.829548,-6.213481]],[[106.830587,-6.211517],[106.830586,-6.211758],[106.830579,-6.212006],[106.830576,-6.212155],[106.830574,-6.212385],[106.830575,-6.212418],[106.830574,-6.212522],[106.830572,-6.212783],[106.830577,-6.212926],[106.830584,-6.213075],[106.830603,-6.213346],[106.830606,-6.213415],[106.83063,-6.213723],[106.830634,-6.213795],[106.83065,-6.214067],[106.830663,-6.214259],[106.830666,-6.214302],[106.830679,-6.214471],[106.830686,-6.214558],[106.830709,-6.214833],[106.830718,-6.214937],[106.830765,-6.215505],[106.830777,-6.215639],[106.830802,-6.216],[106.830817,-6.216181],[106.830835,-6.216362],[106.830882,-6.216693],[106.830976,-6.217161],[106.831015,-6.217342],[106.83109,-6.217688]],[[106.828731,-6.235107],[106.828702,-6.235172],[106.828661,-6.235239],[106.828634,-6.235262],[106.82846,-6.235422],[106.828356,-6.235534],[106.828067,-6.235893],[106.828061,-6.235906],[106.828018,-6.235975]],[[106.829441,-6.234676],[106.829294,-6.234743],[106.829115,-6.23483],[106.828978,-6.234916],[106.828847,-6.235014],[106.828766,-6.235076]],[[106.829395,-6.206769],[106.829623,-6.207226],[106.829907,-6.207873],[106.830007,-6.208099],[106.830135,-6.208407]],[[106.830401,-6.209372],[106.830458,-6.209724],[106.83049,-6.209955],[106.830532,-6.21037]],[[106.828508,-6.205341],[106.828564,-6.205425],[106.828695,-6.205623],[106.828998,-6.206053]],[[106.828844,-6.206269],[106.828782,-6.206153],[106.828376,-6.2055]],[[106.827242,-6.237091],[106.82714,-6.237246]],[[106.827556,-6.236698],[106.827281,-6.237033],[106.827242,-6.237091]],[[106.827051,-6.236891],[106.827129,-6.236771],[106.82729,-6.236536],[106.827323,-6.236532]],[[106.832426,-6.221816],[106.832449,-6.221896],[106.832466,-6.221964],[106.832496,-6.222092],[106.832562,-6.222356],[106.8326,-6.222496],[106.832629,-6.222629],[106.832637,-6.222658],[106.832653,-6.222726],[106.832663,-6.222764],[106.832721,-6.223025],[106.832817,-6.223449]],[[106.82912,-6.206901],[106.829058,-6.206799]],[[106.827113,-6.237291],[106.826775,-6.237834],[106.826722,-6.237919],[106.826652,-6.238031],[106.826451,-6.238445],[106.826377,-6.238593]],[[106.827323,-6.236532],[106.827338,-6.23651],[106.827405,-6.236416],[106.82744,-6.236357],[106.827728,-6.235903],[106.827754,-6.235869],[106.827817,-6.235778]],[[106.825947,-6.239892],[106.82592,-6.239952],[106.825858,-6.240111]],[[106.825962,-6.239847],[106.825947,-6.239892]],[[106.82599,-6.239711],[106.825962,-6.239847]],[[106.825714,-6.239805],[106.825767,-6.239537],[106.825839,-6.23927],[106.825979,-6.238914],[106.82612,-6.23856],[106.826215,-6.23834],[106.826284,-6.238227]],[[106.825684,-6.239854],[106.825714,-6.239805]],[[106.825478,-6.239944],[106.825519,-6.239936],[106.825571,-6.239927],[106.825622,-6.239909],[106.825659,-6.239885],[106.825684,-6.239854]],[[106.826864,-6.237217],[106.82693,-6.237101]],[[106.829058,-6.206799],[106.829008,-6.206731],[106.828972,-6.206689],[106.828938,-6.206643],[106.828937,-6.206581],[106.82891,-6.206392]],[[106.82693,-6.237101],[106.827014,-6.236942]],[[106.828018,-6.235975],[106.827842,-6.236251],[106.82765,-6.236551],[106.82758,-6.236662],[106.827556,-6.236698]],[[106.829346,-6.207328],[106.829151,-6.206948],[106.82912,-6.206901]],[[106.828595,-6.23496],[106.829099,-6.234607],[106.829153,-6.234575]],[[106.827817,-6.235778],[106.827987,-6.23554],[106.828058,-6.235458],[106.828243,-6.235241],[106.828364,-6.235129],[106.828458,-6.235045]],[[106.826659,-6.237543],[106.826864,-6.237217]],[[106.829832,-6.208257],[106.829809,-6.208151],[106.829744,-6.207982],[106.829631,-6.207719],[106.8295,-6.207444],[106.829352,-6.207138],[106.829166,-6.206776],[106.829054,-6.206598],[106.82891,-6.206392]],[[106.833329,-6.228757],[106.833338,-6.228865],[106.833349,-6.22904],[106.833369,-6.229373],[106.833372,-6.22951],[106.833368,-6.229669],[106.833346,-6.229919],[106.833316,-6.230119],[106.83328,-6.23028],[106.833235,-6.230458],[106.833139,-6.23078],[106.833017,-6.231157],[106.832916,-6.231444],[106.832803,-6.231704],[106.832714,-6.231895],[106.832615,-6.232082],[106.832473,-6.232331],[106.832272,-6.232622],[106.832232,-6.232675],[106.831976,-6.232986],[106.831831,-6.233147],[106.831804,-6.233175],[106.831735,-6.233247],[106.831541,-6.233432],[106.831263,-6.233666],[106.83119,-6.233727],[106.831063,-6.233831],[106.830965,-6.233907],[106.830797,-6.234019],[106.83065,-6.234106],[106.830295,-6.234297],[106.829936,-6.234469],[106.829886,-6.23449],[106.829578,-6.234622],[106.829441,-6.234676]],[[106.828998,-6.206053],[106.829218,-6.206429],[106.829395,-6.206769]],[[106.832961,-6.226698],[106.832934,-6.226296],[106.832856,-6.225372],[106.832836,-6.225273],[106.832817,-6.225209],[106.832805,-6.225137]],[[106.829548,-6.213481],[106.829153,-6.213475]],[[106.828458,-6.235045],[106.828517,-6.235009],[106.828595,-6.23496]],[[106.829686,-6.234333],[106.829809,-6.234277],[106.830084,-6.234148],[106.830173,-6.234104],[106.830284,-6.234045],[106.830522,-6.233905]],[[106.830522,-6.233905],[106.830577,-6.233871],[106.830699,-6.233794],[106.831018,-6.233567],[106.831106,-6.233494],[106.831367,-6.233281]],[[106.832842,-6.223566],[106.832927,-6.223908],[106.832953,-6.22404],[106.832969,-6.224114],[106.832986,-6.224277],[106.832999,-6.224434],[106.833005,-6.224524],[106.83301,-6.224632],[106.833032,-6.224864]],[[106.830361,-6.212692],[106.83036,-6.212483],[106.830362,-6.212379]],[[106.831367,-6.233281],[106.831572,-6.233086],[106.831742,-6.232904],[106.83181,-6.232831],[106.831919,-6.232697],[106.832038,-6.23254],[106.832206,-6.232299],[106.832319,-6.232109],[106.832455,-6.231872],[106.832497,-6.231797],[106.832569,-6.231653],[106.832684,-6.231399],[106.832827,-6.231005],[106.832862,-6.230895],[106.832929,-6.230691],[106.833035,-6.230297],[106.833095,-6.23002],[106.833124,-6.229827],[106.833135,-6.229707],[106.833136,-6.229627],[106.833132,-6.229466],[106.833125,-6.229294],[106.833115,-6.229095],[106.833104,-6.228926],[106.833092,-6.228751],[106.833087,-6.228682],[106.833071,-6.228455],[106.83306,-6.228255]],[[106.833032,-6.224864],[106.833036,-6.224963],[106.833027,-6.225095],[106.833025,-6.225168],[106.833124,-6.226427],[106.833141,-6.226742],[106.833155,-6.226845],[106.833169,-6.226887],[106.833181,-6.226927],[106.833198,-6.227066]],[[106.831689,-6.219696],[106.831947,-6.220265],[106.832019,-6.220422]],[[106.833183,-6.226124],[106.833197,-6.226366],[106.833215,-6.226716],[106.833216,-6.226733],[106.83322,-6.226843],[106.833202,-6.226996],[106.833198,-6.227066]],[[106.830547,-6.210572],[106.830556,-6.210693]],[[106.826284,-6.238227],[106.826342,-6.238111],[106.826451,-6.237904],[106.826659,-6.237543]],[[106.82714,-6.237246],[106.827113,-6.237291]],[[106.827014,-6.236942],[106.827051,-6.236891]],[[106.828766,-6.235076],[106.828731,-6.235107]],[[106.82891,-6.206392],[106.828901,-6.206374],[106.828844,-6.206269]],[[106.833141,-6.225621],[106.833183,-6.226124]],[[106.833255,-6.227806],[106.833272,-6.228025],[106.833278,-6.228119],[106.833291,-6.228258],[106.833298,-6.228357],[106.833305,-6.228441],[106.833308,-6.228477],[106.833329,-6.228757]],[[106.833112,-6.225258],[106.833141,-6.225621]],[[106.831065,-6.218591],[106.831043,-6.218519],[106.830941,-6.218181],[106.830922,-6.21811],[106.830845,-6.217764],[106.830806,-6.217589],[106.830748,-6.217316],[106.830662,-6.216904],[106.830622,-6.216645],[106.830585,-6.216383],[106.830541,-6.215877],[106.830535,-6.215789]],[[106.832019,-6.220422],[106.832061,-6.220523]],[[106.83306,-6.228255],[106.833051,-6.228121],[106.833047,-6.228014],[106.83303,-6.227714],[106.833025,-6.227642],[106.833022,-6.227589],[106.833018,-6.227536]],[[106.833018,-6.227536],[106.83301,-6.227449],[106.833003,-6.227301],[106.832994,-6.227201],[106.832966,-6.226804],[106.832961,-6.226698]],[[106.830362,-6.212379],[106.830362,-6.212194]],[[106.830556,-6.210693],[106.830574,-6.211053]],[[106.826377,-6.238593],[106.826359,-6.238639],[106.826174,-6.239108],[106.826106,-6.239273],[106.826049,-6.239449],[106.82599,-6.239711]],[[106.832961,-6.226698],[106.832921,-6.226591],[106.832904,-6.226547],[106.832887,-6.226354],[106.832866,-6.226111]],[[106.830535,-6.215789],[106.830498,-6.215255],[106.830449,-6.214633],[106.830443,-6.214548],[106.830419,-6.2141]],[[106.830406,-6.213772],[106.830404,-6.213687],[106.830403,-6.213603],[106.830392,-6.213422],[106.830368,-6.21302],[106.830361,-6.212692]],[[106.829832,-6.208257],[106.829728,-6.208117],[106.829684,-6.208027],[106.829651,-6.207954],[106.829473,-6.207585],[106.8294,-6.207434],[106.829346,-6.207328]],[[106.832061,-6.220523],[106.832097,-6.220621],[106.832146,-6.220758],[106.832178,-6.220858],[106.83221,-6.220973],[106.832251,-6.221115],[106.832355,-6.221525],[106.832399,-6.221707],[106.832426,-6.221816]],[[106.832866,-6.226111],[106.832816,-6.225553],[106.832791,-6.225269],[106.832794,-6.2252],[106.832805,-6.225137]],[[106.829153,-6.234575],[106.829381,-6.234466],[106.829686,-6.234333]],[[106.830344,-6.211735],[106.830343,-6.21169],[106.830338,-6.211337],[106.830334,-6.211228],[106.830324,-6.211069],[106.830311,-6.210844],[106.830305,-6.210752],[106.830279,-6.210458],[106.83026,-6.210257],[106.830244,-6.210105],[106.830184,-6.209634],[106.830172,-6.209561],[106.830159,-6.209482],[106.830104,-6.209222]],[[106.830104,-6.209222],[106.830075,-6.209087],[106.830028,-6.208907],[106.829956,-6.208636],[106.829931,-6.208545],[106.829871,-6.20836],[106.829832,-6.208257]],[[106.830574,-6.211053],[106.830587,-6.211517]],[[106.830135,-6.208407],[106.830202,-6.208591],[106.83027,-6.208823],[106.83032,-6.209018],[106.830401,-6.209372]],[[106.830532,-6.21037],[106.830547,-6.210572]],[[106.83109,-6.217688],[106.831098,-6.217724],[106.831192,-6.218132],[106.831303,-6.218532],[106.831389,-6.218802],[106.831502,-6.219178],[106.831529,-6.21926],[106.83165,-6.219594],[106.831689,-6.219696]],[[106.832817,-6.223449],[106.832842,-6.223566]],[[106.830406,-6.213772],[106.830371,-6.213608],[106.830346,-6.213496],[106.830339,-6.213404],[106.830334,-6.213333],[106.830317,-6.213011],[106.830307,-6.212866],[106.83031,-6.212709]],[[106.83031,-6.212709],[106.830308,-6.212655],[106.830306,-6.212556],[106.830313,-6.21236],[106.830315,-6.212221],[106.830318,-6.212161],[106.830319,-6.212045],[106.830318,-6.21197],[106.830319,-6.211864],[106.830344,-6.211735]],[[106.830419,-6.2141],[106.830406,-6.213772]],[[106.830362,-6.212194],[106.830363,-6.211855],[106.830344,-6.211735]],[[106.833198,-6.227066],[106.833204,-6.227135],[106.833205,-6.227152],[106.833209,-6.227202],[106.833213,-6.227257],[106.833235,-6.227545],[106.83324,-6.227607],[106.833244,-6.227669],[106.833255,-6.227806]],[[106.833032,-6.224864],[106.833081,-6.224983],[106.833112,-6.225258]]]}},{"type":"Feature","properties":{"id":"di-panjaitan","name":"Jl. D.I. Panjaitan","group":"ring"},"geometry":{"type":"MultiLineString","coordinates":[[[106.874403,-6.214622],[106.874422,-6.215099],[106.874425,-6.215162],[106.874426,-6.21519],[106.874434,-6.215466]],[[106.876614,-6.23203],[106.876608,-6.232084],[106.876718,-6.23249],[106.876846,-6.23297],[106.876961,-6.233475],[106.877022,-6.233701],[106.877147,-6.234235],[106.877227,-6.234599],[106.87733,-6.235014],[106.877375,-6.235233],[106.877453,-6.23554],[106.87751,-6.235743],[106.877588,-6.236111],[106.87762,-6.236269],[106.877653,-6.23643],[106.877711,-6.236556]],[[106.874,-6.215457],[106.873963,-6.214591]],[[106.876646,-6.243796],[106.876398,-6.244164],[106.876118,-6.244779]],[[106.877446,-6.242768],[106.876881,-6.243458]],[[106.876054,-6.230742],[106.875628,-6.229049],[106.875578,-6.228819]],[[106.875089,-6.247292],[106.874982,-6.247543]],[[106.874684,-6.225177],[106.874596,-6.224537]],[[106.874372,-6.221775],[106.874318,-6.22085],[106.874307,-6.220601],[106.874286,-6.219824],[106.87427,-6.219332],[106.874223,-6.219082],[106.874222,-6.219073]],[[106.875321,-6.245974],[106.875377,-6.245839],[106.875442,-6.245688],[106.875555,-6.245416]],[[106.878063,-6.241147],[106.878052,-6.241316],[106.877989,-6.241646],[106.877969,-6.241727],[106.877923,-6.24184],[106.877902,-6.241891],[106.87788,-6.241943],[106.877811,-6.24211],[106.877744,-6.242236]],[[106.874122,-6.218162],[106.874052,-6.216563]],[[106.874456,-6.223411],[106.874414,-6.223117],[106.874422,-6.223053],[106.874473,-6.222952]],[[106.874557,-6.224277],[106.874548,-6.224234],[106.874508,-6.223836],[106.874496,-6.223739],[106.87446,-6.22344],[106.874456,-6.223411]],[[106.876881,-6.243458],[106.876646,-6.243796]],[[106.875279,-6.246862],[106.875248,-6.246928],[106.875203,-6.24703]],[[106.876685,-6.242839],[106.876971,-6.242124],[106.877047,-6.24193],[106.877146,-6.24167],[106.877173,-6.241598],[106.877215,-6.241488],[106.877292,-6.241286],[106.877367,-6.241067],[106.87746,-6.240798]],[[106.87746,-6.240798],[106.87749,-6.240724],[106.877502,-6.240683],[106.877573,-6.240437]],[[106.878114,-6.240441],[106.878109,-6.240515],[106.878084,-6.240897],[106.878063,-6.241147]],[[106.877573,-6.240437],[106.877661,-6.240127],[106.877697,-6.240009],[106.877731,-6.239899]],[[106.874752,-6.223182],[106.874782,-6.223445],[106.874799,-6.223598]],[[106.874498,-6.218916],[106.874512,-6.219446],[106.874532,-6.219859],[106.874566,-6.220544],[106.874576,-6.220742],[106.874587,-6.220925],[106.874638,-6.221784],[106.874728,-6.222907],[106.874752,-6.223182]],[[106.874222,-6.219073],[106.874202,-6.218963]],[[106.874052,-6.216563],[106.874,-6.215457]],[[106.8745,-6.21675],[106.874515,-6.21691],[106.874529,-6.2173],[106.874547,-6.218282]],[[106.874916,-6.226292],[106.874882,-6.226179],[106.874859,-6.226072],[106.874748,-6.225625],[106.874717,-6.225473]],[[106.874973,-6.22647],[106.874916,-6.226292]],[[106.874799,-6.223598],[106.8748,-6.223615]],[[106.874558,-6.223332],[106.874518,-6.22316],[106.874502,-6.223084],[106.874473,-6.222952]],[[106.874684,-6.224333],[106.874679,-6.224225],[106.874615,-6.223732],[106.874558,-6.223332]],[[106.874804,-6.225267],[106.874733,-6.224753],[106.874684,-6.224333]],[[106.875015,-6.226278],[106.874985,-6.226158],[106.874965,-6.226076],[106.874933,-6.225922],[106.874804,-6.225267]],[[106.875051,-6.226446],[106.875015,-6.226278]],[[106.875239,-6.227442],[106.875224,-6.227251],[106.875149,-6.226876]],[[106.875239,-6.227442],[106.875184,-6.227285],[106.875087,-6.22689],[106.875017,-6.226632],[106.874973,-6.22647]],[[106.874466,-6.222866],[106.874372,-6.221775]],[[106.875838,-6.228983],[106.875989,-6.229549],[106.876023,-6.229673],[106.876082,-6.229921],[106.876194,-6.230403],[106.876367,-6.231053],[106.876386,-6.231124],[106.876451,-6.231362],[106.876463,-6.231411],[106.876473,-6.231453],[106.876586,-6.23192]],[[106.877362,-6.236331],[106.877343,-6.235947],[106.877175,-6.235282],[106.877088,-6.234949],[106.876993,-6.234591],[106.876951,-6.234439],[106.876833,-6.233962],[106.876777,-6.233717]],[[106.877905,-6.238238],[106.877744,-6.237619],[106.877569,-6.237046]],[[106.877569,-6.237046],[106.877428,-6.23656],[106.877385,-6.236411],[106.877376,-6.236379]],[[106.877838,-6.23955],[106.877875,-6.239419],[106.877911,-6.23926],[106.877912,-6.239253],[106.877932,-6.239165],[106.877929,-6.239048],[106.877924,-6.23881],[106.877919,-6.238586],[106.877918,-6.238532]],[[106.876361,-6.243613],[106.876462,-6.243385],[106.876489,-6.243324],[106.876527,-6.243228],[106.876585,-6.243083],[106.876659,-6.2429],[106.876685,-6.242839]],[[106.876777,-6.233717],[106.876707,-6.233408],[106.876582,-6.232905],[106.876526,-6.232724],[106.876453,-6.232485],[106.876352,-6.232123],[106.876291,-6.231845],[106.876215,-6.231508],[106.876197,-6.231427],[106.876057,-6.230756]],[[106.878238,-6.239615],[106.878207,-6.239852],[106.878114,-6.240441]],[[106.875555,-6.245416],[106.875608,-6.245298],[106.875868,-6.244698],[106.87596,-6.244484],[106.876102,-6.244146],[106.876118,-6.244114],[106.876141,-6.244065],[106.876251,-6.243864]],[[106.877744,-6.242236],[106.877644,-6.242439],[106.877524,-6.242649],[106.877479,-6.242721]],[[106.877479,-6.242721],[106.877446,-6.242768]],[[106.874711,-6.24741],[106.874926,-6.246909],[106.874954,-6.246823],[106.875023,-6.246632]],[[106.876251,-6.243864],[106.876361,-6.243613]],[[106.878197,-6.238951],[106.878207,-6.23906],[106.878209,-6.239083],[106.87821,-6.239095],[106.878218,-6.239193],[106.878217,-6.239217],[106.878217,-6.239221],[106.878238,-6.239615]],[[106.877731,-6.239899],[106.877838,-6.23955]],[[106.876586,-6.23192],[106.876596,-6.231957],[106.876614,-6.23203]],[[106.877711,-6.236556],[106.877759,-6.236736],[106.877853,-6.23707],[106.87788,-6.237161],[106.877929,-6.237395],[106.87795,-6.237489],[106.878103,-6.238185],[106.878172,-6.238654],[106.878197,-6.238951]],[[106.877376,-6.236379],[106.877362,-6.236331]],[[106.876057,-6.230756],[106.876054,-6.230742]],[[106.875578,-6.228819],[106.875474,-6.228362],[106.875371,-6.227968]],[[106.875371,-6.227968],[106.875239,-6.227442]],[[106.875149,-6.226876],[106.875094,-6.22662],[106.875051,-6.226446]],[[106.8748,-6.223615],[106.874896,-6.224406],[106.875021,-6.225314],[106.875099,-6.225736],[106.875198,-6.226183],[106.875346,-6.226847]],[[106.876118,-6.244779],[106.875888,-6.245373],[106.875833,-6.245523],[106.875818,-6.245559]],[[106.875346,-6.226847],[106.875395,-6.227067],[106.875422,-6.227182],[106.875554,-6.227733],[106.875689,-6.228307],[106.875838,-6.228983]],[[106.875203,-6.24703],[106.875089,-6.247292]],[[106.874473,-6.222952],[106.87447,-6.222921],[106.874466,-6.222866]],[[106.877918,-6.238532],[106.877905,-6.238238]],[[106.874202,-6.218963],[106.874174,-6.218672],[106.874148,-6.218409],[106.874139,-6.21832],[106.874122,-6.218162]],[[106.874547,-6.218282],[106.874507,-6.218651],[106.874498,-6.218916]],[[106.875818,-6.245559],[106.875393,-6.24659]],[[106.875393,-6.24659],[106.875279,-6.246862]],[[106.875023,-6.246632],[106.875321,-6.245974]],[[106.874596,-6.224537],[106.874557,-6.224277]],[[106.874434,-6.215466],[106.874459,-6.215828],[106.8745,-6.21675]],[[106.874717,-6.225473],[106.874712,-6.225332],[106.874684,-6.225177]]]}},{"type":"Feature","properties":{"id":"a-yani","name":"Jl. Jenderal A. Yani","group":"ring","note":"Bekasi Timur Raya → Perintis Kemerdekaan"},"geometry":{"type":"MultiLineString","coordinates":[[[106.875188,-6.192222],[106.875178,-6.192292],[106.875165,-6.192368]],[[106.875483,-6.181883],[106.875501,-6.181572],[106.875536,-6.181129],[106.875569,-6.180777],[106.87564,-6.179916],[106.875666,-6.179625],[106.875697,-6.179319],[106.875712,-6.179174],[106.875776,-6.178488],[106.875819,-6.177897]],[[106.879112,-6.166325],[106.879106,-6.166339],[106.878748,-6.167084],[106.878384,-6.168005]],[[106.87356,-6.204935],[106.873516,-6.204865],[106.873419,-6.204419],[106.873414,-6.204399],[106.873275,-6.203827],[106.873208,-6.203594],[106.873121,-6.203293],[106.87305,-6.202883],[106.87303,-6.202768],[106.872989,-6.202276],[106.873008,-6.201714],[106.87301,-6.201653],[106.87302,-6.201481],[106.873034,-6.20128],[106.87308,-6.200894],[106.873094,-6.200802],[106.873154,-6.200394],[106.873215,-6.200123],[106.873266,-6.199972],[106.873354,-6.199868]],[[106.876194,-6.176326],[106.87611,-6.177294],[106.876079,-6.177645],[106.876012,-6.178919],[106.875922,-6.18051],[106.875908,-6.18078],[106.875847,-6.181677],[106.875832,-6.181916]],[[106.878289,-6.167375],[106.878337,-6.167257],[106.878394,-6.16712],[106.878451,-6.166997],[106.878515,-6.166864]],[[106.878866,-6.166633],[106.878726,-6.166935],[106.878669,-6.167055],[106.878296,-6.167972],[106.878047,-6.168963]],[[106.879026,-6.166323],[106.878968,-6.166429]],[[106.878939,-6.166481],[106.878916,-6.166525]],[[106.878968,-6.166429],[106.878939,-6.166481]],[[106.87872,-6.166452],[106.878751,-6.166395]],[[106.878751,-6.166395],[106.878781,-6.166339],[106.87881,-6.166283]],[[106.875165,-6.192368],[106.875149,-6.192448]],[[106.875129,-6.192547],[106.875091,-6.192739],[106.87502,-6.193104]],[[106.874906,-6.19242],[106.874919,-6.192339],[106.874932,-6.192256],[106.874945,-6.192187]],[[106.873979,-6.207393],[106.873989,-6.20767],[106.873991,-6.207715],[106.874019,-6.208236],[106.87403,-6.208441],[106.874047,-6.208839],[106.87407,-6.209467],[106.874096,-6.209872]],[[106.878694,-6.166503],[106.87872,-6.166452]],[[106.877535,-6.169554],[106.877576,-6.169367],[106.877593,-6.169296],[106.877732,-6.168702]],[[106.875854,-6.178056],[106.875851,-6.178005],[106.875839,-6.177957],[106.875819,-6.177897]],[[106.875713,-6.179866],[106.875751,-6.179411],[106.875854,-6.178056]],[[106.875408,-6.184044],[106.875512,-6.183806],[106.87552,-6.183753],[106.875535,-6.183342],[106.875665,-6.180772],[106.875713,-6.179866]],[[106.874049,-6.196912],[106.874122,-6.196423],[106.874186,-6.196086],[106.87428,-6.195639],[106.874358,-6.195189]],[[106.873956,-6.197365],[106.874038,-6.196988]],[[106.87449,-6.196052],[106.874429,-6.19634]],[[106.87497,-6.192046],[106.874998,-6.191886],[106.875016,-6.19179],[106.875099,-6.191161],[106.875176,-6.190414],[106.875199,-6.190055],[106.875212,-6.189802],[106.875217,-6.189636],[106.875222,-6.189545],[106.875237,-6.189339],[106.875229,-6.189291]],[[106.875447,-6.190227],[106.875439,-6.190316],[106.875432,-6.190379],[106.875422,-6.190447],[106.875412,-6.190559],[106.87538,-6.190938],[106.875339,-6.191284],[106.875268,-6.191731],[106.875212,-6.192075]],[[106.877797,-6.168599],[106.87789,-6.168271],[106.878026,-6.167844],[106.878156,-6.167528]],[[106.876957,-6.171582],[106.87716,-6.170924],[106.877259,-6.170576],[106.877297,-6.170451],[106.877365,-6.170218]],[[106.875955,-6.176436],[106.875986,-6.176198],[106.875991,-6.176148],[106.876088,-6.1754],[106.876112,-6.175275],[106.876163,-6.175035],[106.876214,-6.174803],[106.876233,-6.174715],[106.876317,-6.17435],[106.876546,-6.173456],[106.876629,-6.173138],[106.876656,-6.17296],[106.876712,-6.172658],[106.876884,-6.171826]],[[106.875819,-6.177897],[106.875825,-6.177802],[106.875828,-6.177762],[106.875839,-6.177623],[106.875851,-6.177449],[106.875856,-6.177372],[106.875857,-6.177343],[106.87587,-6.177148],[106.875891,-6.176962]],[[106.875381,-6.185139],[106.875392,-6.184963],[106.875401,-6.184797],[106.875405,-6.184698],[106.875408,-6.184618],[106.875412,-6.184488],[106.875414,-6.184417],[106.875414,-6.184297],[106.875408,-6.184044]],[[106.878156,-6.167528],[106.878379,-6.16703],[106.878443,-6.166892],[106.87848,-6.166818],[106.878761,-6.166256]],[[106.875362,-6.185839],[106.875374,-6.185548],[106.875377,-6.185454],[106.875381,-6.185139]],[[106.875265,-6.187817],[106.875271,-6.187672],[106.875275,-6.187586],[106.875279,-6.187503],[106.875287,-6.187352],[106.875308,-6.186931],[106.875337,-6.186338],[106.875348,-6.186126],[106.87535,-6.186077],[106.875362,-6.185839]],[[106.875229,-6.189291],[106.875235,-6.188996],[106.875249,-6.188689],[106.875252,-6.188449]],[[106.873354,-6.199868],[106.873416,-6.199586],[106.873662,-6.198582],[106.873746,-6.198236],[106.873888,-6.197656],[106.873915,-6.197547],[106.873924,-6.197508],[106.873956,-6.197365]],[[106.878384,-6.168005],[106.878047,-6.168963],[106.87778,-6.17]],[[106.87554,-6.188249],[106.875538,-6.188475],[106.875526,-6.188663],[106.875522,-6.188841]],[[106.874358,-6.195189],[106.874376,-6.195108],[106.874423,-6.194932],[106.874528,-6.194484],[106.874886,-6.192528]],[[106.87778,-6.17],[106.877507,-6.170798]],[[106.874552,-6.19573],[106.87449,-6.196052]],[[106.87502,-6.193104],[106.874906,-6.193704],[106.874558,-6.195655],[106.874552,-6.19573]],[[106.874429,-6.19634],[106.874357,-6.196702],[106.874349,-6.196745],[106.874311,-6.196936]],[[106.874295,-6.197012],[106.874211,-6.197433],[106.874181,-6.197572],[106.874172,-6.197609],[106.874015,-6.198296]],[[106.873863,-6.19895],[106.873651,-6.199804],[106.873529,-6.20029]],[[106.873529,-6.20029],[106.873591,-6.200472],[106.873606,-6.200627],[106.873608,-6.200962],[106.873581,-6.201719],[106.873545,-6.20191],[106.873491,-6.202087],[106.873469,-6.202239]],[[106.873469,-6.202239],[106.873473,-6.202537],[106.873564,-6.203312]],[[106.875514,-6.189117],[106.875495,-6.189219],[106.875492,-6.189399],[106.875486,-6.189626],[106.875476,-6.189823],[106.875447,-6.190227]],[[106.875522,-6.188841],[106.875514,-6.189117]],[[106.875571,-6.187538],[106.875557,-6.187825],[106.875556,-6.187844],[106.87554,-6.188249]],[[106.877365,-6.170218],[106.877401,-6.170087],[106.877535,-6.169554]],[[106.877535,-6.169554],[106.8776,-6.169512],[106.877604,-6.169507],[106.877607,-6.169501],[106.877782,-6.168928],[106.87787,-6.168641],[106.878118,-6.167825],[106.878205,-6.167594],[106.878224,-6.167539]],[[106.878224,-6.167539],[106.878289,-6.167375]],[[106.874015,-6.198296],[106.873863,-6.19895]],[[106.87356,-6.204935],[106.87356,-6.204853],[106.873448,-6.2044],[106.873305,-6.20381],[106.873228,-6.203494],[106.873171,-6.20309],[106.873111,-6.202674],[106.873113,-6.202117],[106.873174,-6.201172],[106.873323,-6.200076],[106.873354,-6.199868]],[[106.87365,-6.20563],[106.873645,-6.205524],[106.873604,-6.205207],[106.87356,-6.204935]],[[106.873821,-6.209759],[106.873805,-6.209083],[106.873787,-6.208584],[106.873744,-6.207861],[106.873738,-6.207723],[106.87372,-6.206881],[106.873718,-6.206622],[106.873698,-6.206307],[106.873678,-6.20575],[106.87365,-6.20563]],[[106.873631,-6.206875],[106.87361,-6.206592],[106.873607,-6.206543],[106.873605,-6.206278],[106.873611,-6.205739],[106.873645,-6.205644],[106.87365,-6.20563]],[[106.8737,-6.209759],[106.873695,-6.209084],[106.873683,-6.208602],[106.873631,-6.206875]],[[106.876884,-6.171826],[106.876892,-6.171793],[106.876957,-6.171582]],[[106.876566,-6.172835],[106.876589,-6.172751],[106.876612,-6.172666],[106.87664,-6.172563],[106.87666,-6.172494],[106.876791,-6.172029],[106.876842,-6.171898],[106.876884,-6.171826]],[[106.875955,-6.176436],[106.875931,-6.176243],[106.875926,-6.176155],[106.875927,-6.176085],[106.875931,-6.175996],[106.875937,-6.175868],[106.875954,-6.175654],[106.87599,-6.175335],[106.876055,-6.174986],[106.876117,-6.174706],[106.876167,-6.174492],[106.876276,-6.174076],[106.876311,-6.173945],[106.876387,-6.173605],[106.876405,-6.173535],[106.876414,-6.173487],[106.876456,-6.173232],[106.876472,-6.173173],[106.876496,-6.173079],[106.876527,-6.172976],[106.876566,-6.172835]],[[106.87738,-6.171216],[106.877341,-6.171299],[106.876531,-6.174363],[106.876432,-6.174761]],[[106.878515,-6.166864],[106.87858,-6.166737],[106.878653,-6.166583]],[[106.875891,-6.176962],[106.875948,-6.176493],[106.875955,-6.176436]],[[106.877507,-6.170798],[106.87738,-6.171216]],[[106.876432,-6.174761],[106.876353,-6.175078],[106.876278,-6.175419],[106.876193,-6.176014],[106.876204,-6.176157],[106.876194,-6.176326]],[[106.875832,-6.181916],[106.875804,-6.182302],[106.875765,-6.18283],[106.875673,-6.184581],[106.875692,-6.184647],[106.875691,-6.184861],[106.875687,-6.184954],[106.875578,-6.187335]],[[106.874311,-6.196936],[106.874295,-6.197012]],[[106.874038,-6.196988],[106.874049,-6.196912]],[[106.873979,-6.207393],[106.873995,-6.207434],[106.874002,-6.207455],[106.874007,-6.207483],[106.874065,-6.208201],[106.874088,-6.20842],[106.874098,-6.208558],[106.874109,-6.208677],[106.874123,-6.208833],[106.874145,-6.209075],[106.874163,-6.209474],[106.874174,-6.209704],[106.874182,-6.209889]],[[106.875254,-6.188382],[106.875255,-6.18834],[106.875259,-6.188072]],[[106.875252,-6.188449],[106.875254,-6.188382]],[[106.875408,-6.184044],[106.875404,-6.183973],[106.875388,-6.183663],[106.875388,-6.183515],[106.875386,-6.183247],[106.875405,-6.182793],[106.875447,-6.182417],[106.875483,-6.181883]],[[106.873529,-6.20029],[106.873504,-6.200409],[106.873478,-6.200563],[106.873445,-6.200757],[106.873397,-6.201057],[106.873366,-6.201506],[106.873347,-6.202009],[106.873337,-6.202262],[106.87336,-6.202549],[106.873388,-6.202879],[106.873441,-6.20325],[106.873509,-6.203653],[106.873622,-6.204212],[106.873737,-6.204767],[106.873796,-6.204999],[106.873836,-6.205191],[106.873875,-6.205455],[106.873915,-6.205842],[106.873941,-6.20595]],[[106.873564,-6.203312],[106.873593,-6.20347],[106.873667,-6.203848],[106.873748,-6.204268],[106.873764,-6.20435],[106.873791,-6.204516],[106.87389,-6.205128],[106.873919,-6.205337]],[[106.873941,-6.20595],[106.873958,-6.206521],[106.87397,-6.207018],[106.873979,-6.207393]],[[106.873919,-6.205337],[106.873925,-6.205415],[106.87394,-6.205598],[106.873952,-6.205841],[106.873941,-6.20595]],[[106.875578,-6.187335],[106.875578,-6.187351],[106.875571,-6.187493],[106.875571,-6.187527],[106.875571,-6.187538]],[[106.875259,-6.188072],[106.875265,-6.187817]],[[106.875212,-6.192075],[106.875188,-6.192222]],[[106.874945,-6.192187],[106.87497,-6.192046]],[[106.875149,-6.192448],[106.875129,-6.192547]],[[106.874886,-6.192528],[106.874906,-6.19242]],[[106.878909,-6.16654],[106.878866,-6.166633]],[[106.878653,-6.166583],[106.878686,-6.166518]],[[106.877732,-6.168702],[106.877777,-6.16864],[106.877797,-6.168599]],[[106.878686,-6.166518],[106.878694,-6.166503]],[[106.878916,-6.166525],[106.878909,-6.16654]]]}},{"type":"Feature","properties":{"id":"pramuka","name":"Jl. Pramuka","group":"central"},"geometry":{"type":"MultiLineString","coordinates":[[[106.849459,-6.20255],[106.84952,-6.202515],[106.849604,-6.202457],[106.849909,-6.202239],[106.850196,-6.202045]],[[106.869997,-6.192233],[106.869898,-6.192244],[106.869684,-6.192268],[106.869426,-6.192297],[106.86933,-6.192307],[106.869267,-6.192313],[106.869233,-6.192317],[106.869179,-6.192323],[106.868946,-6.192351],[106.868752,-6.19237],[106.868502,-6.192395],[106.868487,-6.192395],[106.868444,-6.192399],[106.868393,-6.192404],[106.8683,-6.192412],[106.867745,-6.192465],[106.867471,-6.192491],[106.867209,-6.192515],[106.866946,-6.192541],[106.866923,-6.192543],[106.866753,-6.192558],[106.866544,-6.192575],[106.866419,-6.192586],[106.866169,-6.192612],[106.865862,-6.192644],[106.865469,-6.19271],[106.865457,-6.192712],[106.865293,-6.19274],[106.865176,-6.192762],[106.8651,-6.192777],[106.864758,-6.192843],[106.86449,-6.1929],[106.864455,-6.192911],[106.864362,-6.192939],[106.864185,-6.192986],[106.863852,-6.193088],[106.863259,-6.193303],[106.8632,-6.193329],[106.862771,-6.193517],[106.862343,-6.193737]],[[106.863943,-6.192768],[106.864329,-6.192641],[106.864378,-6.192625],[106.864447,-6.192602],[106.864647,-6.192559],[106.864937,-6.192495],[106.865124,-6.192465],[106.865292,-6.192433],[106.86548,-6.192404],[106.865902,-6.192361],[106.866566,-6.19228],[106.867075,-6.192228],[106.867923,-6.192145],[106.868124,-6.192128],[106.868399,-6.192104],[106.868498,-6.192096],[106.868571,-6.19209],[106.868952,-6.192057],[106.869035,-6.192046]],[[106.861485,-6.193944],[106.861591,-6.193901],[106.861672,-6.193868],[106.86178,-6.193807],[106.86209,-6.193629],[106.86228,-6.193519],[106.862387,-6.193467],[106.862643,-6.193342],[106.862822,-6.193255],[106.862932,-6.19321],[106.86309,-6.193146],[106.863281,-6.193068],[106.863472,-6.193003],[106.863715,-6.192922],[106.864088,-6.192796],[106.864292,-6.192738],[106.864401,-6.192711],[106.864844,-6.192605],[106.865177,-6.192536],[106.86546,-6.192498]],[[106.858497,-6.196127],[106.858294,-6.196264],[106.858163,-6.196352]],[[106.850831,-6.201818],[106.850756,-6.201852],[106.850634,-6.201919],[106.850566,-6.201963],[106.849812,-6.202456],[106.849712,-6.202525]],[[106.858118,-6.19629],[106.858451,-6.196064]],[[106.857173,-6.197087],[106.857107,-6.197131],[106.856611,-6.197463],[106.856376,-6.197621],[106.856353,-6.197636]],[[106.856262,-6.197478],[106.856403,-6.197422],[106.856867,-6.197105],[106.857049,-6.196985],[106.857237,-6.196861],[106.85734,-6.196794]],[[106.864879,-6.192747],[106.864427,-6.19285],[106.864034,-6.192962],[106.86352,-6.193141],[106.863218,-6.193246],[106.862805,-6.193427],[106.862394,-6.193623],[106.862226,-6.193716],[106.861706,-6.194003],[106.861223,-6.19433],[106.860989,-6.194489],[106.860846,-6.194585],[106.860748,-6.194652],[106.860677,-6.194699],[106.859884,-6.19523],[106.859784,-6.195287]],[[106.857831,-6.196687],[106.85773,-6.196754]],[[106.85773,-6.196754],[106.857686,-6.196785],[106.857602,-6.196842],[106.857405,-6.196969],[106.857365,-6.196995],[106.857225,-6.197062],[106.857173,-6.197087]],[[106.857769,-6.196611],[106.857727,-6.196639],[106.857636,-6.196702]],[[106.858163,-6.196352],[106.857949,-6.196492],[106.857769,-6.196611]],[[106.857512,-6.196583],[106.857596,-6.196525]],[[106.85469,-6.198455],[106.854779,-6.198388],[106.854868,-6.198322],[106.854998,-6.198225],[106.855223,-6.198063],[106.855409,-6.197939],[106.855503,-6.197894],[106.855606,-6.197878]],[[106.857662,-6.196581],[106.857729,-6.19654],[106.857869,-6.196454],[106.858118,-6.19629]],[[106.8576,-6.19662],[106.857662,-6.196581]],[[106.870119,-6.192222],[106.869997,-6.192233]],[[106.875149,-6.192448],[106.875102,-6.192442],[106.874987,-6.19243]],[[106.870149,-6.192147],[106.870013,-6.192162]],[[106.874634,-6.192376],[106.87457,-6.192352],[106.874486,-6.192332],[106.873986,-6.192253],[106.873824,-6.192229],[106.873569,-6.192191],[106.873454,-6.192172],[106.873149,-6.192122],[106.873101,-6.192117],[106.872868,-6.192094],[106.872401,-6.192046],[106.872264,-6.19204],[106.871966,-6.192025]],[[106.870214,-6.191998],[106.870232,-6.191996],[106.870368,-6.191979],[106.870671,-6.191949],[106.870867,-6.19193],[106.871293,-6.191903],[106.871421,-6.191895],[106.871565,-6.191883],[106.8719,-6.19188],[106.872098,-6.191885],[106.872232,-6.191889],[106.872361,-6.191899],[106.872674,-6.191922],[106.87291,-6.19194],[106.873539,-6.192026],[106.873847,-6.192076],[106.87399,-6.192099],[106.874186,-6.192126],[106.874397,-6.19215],[106.874467,-6.192158],[106.874589,-6.192148]],[[106.870096,-6.192007],[106.870214,-6.191998]],[[106.870216,-6.191933],[106.870247,-6.191929],[106.870512,-6.191886],[106.871326,-6.191827],[106.871425,-6.19182],[106.871557,-6.191817],[106.871847,-6.191807],[106.872264,-6.191821],[106.872365,-6.191824],[106.872371,-6.191824],[106.872834,-6.191859]],[[106.870094,-6.191947],[106.870132,-6.191943],[106.870216,-6.191933]],[[106.856353,-6.197636],[106.856241,-6.197738],[106.856106,-6.197869],[106.855644,-6.198186],[106.855261,-6.198465],[106.854857,-6.198774],[106.854572,-6.199001],[106.854246,-6.199262],[106.8542,-6.199299],[106.854131,-6.199353],[106.854055,-6.199412]],[[106.87503,-6.192198],[106.875138,-6.192215],[106.875188,-6.192222]],[[106.874987,-6.19243],[106.874906,-6.19242]],[[106.874945,-6.192187],[106.87498,-6.192191],[106.87503,-6.192198]],[[106.874906,-6.19242],[106.874634,-6.192376],[106.874577,-6.192397],[106.874544,-6.192403],[106.87448,-6.192401],[106.874424,-6.192396],[106.874046,-6.192335],[106.873829,-6.192299],[106.873813,-6.192296],[106.8737,-6.192278],[106.873486,-6.192242],[106.873436,-6.192234],[106.873388,-6.192226],[106.873201,-6.192196],[106.8726,-6.192132],[106.872493,-6.192121],[106.872353,-6.192106],[106.872203,-6.192101],[106.872088,-6.192097],[106.871825,-6.192092]],[[106.856262,-6.197478],[106.856348,-6.197387],[106.856402,-6.197331],[106.856652,-6.197156],[106.856892,-6.196987],[106.857162,-6.196808],[106.857185,-6.196792],[106.857291,-6.196722],[106.857435,-6.196633],[106.857469,-6.196611],[106.857512,-6.196583]],[[106.853711,-6.199462],[106.853753,-6.199424],[106.853757,-6.19942],[106.853819,-6.199365],[106.85383,-6.199355],[106.853907,-6.199285]],[[106.857596,-6.196525],[106.857609,-6.196515],[106.857675,-6.196469],[106.85779,-6.196393],[106.858172,-6.19614],[106.858195,-6.196124],[106.858268,-6.196075],[106.858296,-6.196055],[106.858395,-6.195984],[106.85848,-6.195929],[106.858581,-6.195862],[106.858591,-6.195855],[106.859308,-6.195366],[106.859724,-6.195082],[106.859791,-6.195037],[106.860359,-6.194649],[106.86044,-6.194589],[106.860722,-6.194409],[106.860969,-6.19425],[106.861159,-6.194118],[106.861284,-6.194079]],[[106.855701,-6.197818],[106.855975,-6.197654],[106.856262,-6.197478]],[[106.870013,-6.192162],[106.869976,-6.192166],[106.869219,-6.192242],[106.868842,-6.192279],[106.868663,-6.1923],[106.86839,-6.19233],[106.868086,-6.192359],[106.867775,-6.192389],[106.867625,-6.192405],[106.86719,-6.192451],[106.866916,-6.19248],[106.866846,-6.192487],[106.866556,-6.192516],[106.866267,-6.192544],[106.866024,-6.192571],[106.865684,-6.192609],[106.865491,-6.19263]],[[106.86546,-6.192498],[106.866197,-6.192407],[106.866442,-6.192376],[106.86684,-6.192336],[106.867426,-6.192278],[106.867802,-6.19224],[106.86785,-6.192235],[106.868409,-6.19218],[106.868926,-6.192129],[106.86968,-6.192052]],[[106.858515,-6.196222],[106.858438,-6.196274],[106.858412,-6.196291],[106.858344,-6.196335],[106.85831,-6.196358]],[[106.850196,-6.202045],[106.85036,-6.201936],[106.850537,-6.201829],[106.850711,-6.20174],[106.850952,-6.201615]],[[106.85734,-6.196794],[106.8576,-6.19662]],[[106.854595,-6.198685],[106.855171,-6.198247],[106.855535,-6.197991],[106.85563,-6.197907],[106.855701,-6.197818]],[[106.859471,-6.195581],[106.859105,-6.195823],[106.859005,-6.195888],[106.858549,-6.196199],[106.858515,-6.196222]],[[106.854411,-6.198832],[106.854595,-6.198685]],[[106.85416,-6.199044],[106.854411,-6.198832]],[[106.853907,-6.199285],[106.85413,-6.199089]],[[106.854416,-6.198681],[106.85469,-6.198455]],[[106.854154,-6.19888],[106.854416,-6.198681]],[[106.86968,-6.192052],[106.869861,-6.192032],[106.870044,-6.192013],[106.870096,-6.192007]],[[106.874589,-6.192148],[106.87485,-6.192172]],[[106.869035,-6.192046],[106.86974,-6.191979]],[[106.86974,-6.191979],[106.869852,-6.191968],[106.86994,-6.191962],[106.870032,-6.191955],[106.870094,-6.191947]],[[106.861485,-6.193944],[106.861635,-6.193811],[106.861764,-6.19373],[106.862236,-6.193468],[106.862411,-6.193371],[106.862555,-6.193298],[106.862771,-6.1932],[106.86287,-6.193154],[106.862932,-6.193126],[106.863093,-6.193065],[106.863183,-6.193033],[106.863196,-6.193028],[106.863565,-6.192896],[106.863652,-6.192866],[106.863943,-6.192768]],[[106.861284,-6.194079],[106.861485,-6.193944]],[[106.859795,-6.195149],[106.860107,-6.194902],[106.860591,-6.194575],[106.86121,-6.194156],[106.861284,-6.194079]],[[106.85831,-6.196358],[106.857907,-6.196635],[106.857872,-6.196659],[106.857831,-6.196687]],[[106.862343,-6.193737],[106.862092,-6.193872],[106.861971,-6.193937],[106.861713,-6.194085],[106.861277,-6.194371],[106.861242,-6.194394],[106.861181,-6.194435],[106.860962,-6.194585],[106.860879,-6.19464],[106.860687,-6.194767]],[[106.857636,-6.196702],[106.85733,-6.196908],[106.857173,-6.197087]],[[106.859784,-6.195287],[106.858497,-6.196127]],[[106.871966,-6.192025],[106.871762,-6.192032],[106.871243,-6.192051],[106.87077,-6.192092],[106.870149,-6.192147]],[[106.871825,-6.192092],[106.871743,-6.192096],[106.871313,-6.192114],[106.871079,-6.192134],[106.870638,-6.192172],[106.870421,-6.192191],[106.87016,-6.192216],[106.870119,-6.192222]],[[106.865491,-6.19263],[106.865415,-6.192642],[106.864879,-6.192747]],[[106.860687,-6.194767],[106.860332,-6.194994],[106.860154,-6.195107],[106.860065,-6.195175],[106.859933,-6.195275],[106.859833,-6.195351],[106.859471,-6.195581]],[[106.858451,-6.196064],[106.859381,-6.195438],[106.859795,-6.195149]],[[106.85413,-6.199089],[106.85416,-6.199044]],[[106.855606,-6.197878],[106.85562,-6.197867],[106.855701,-6.197818]],[[106.851002,-6.201751],[106.85092,-6.201784],[106.850831,-6.201818]],[[106.872834,-6.191859],[106.873451,-6.191941],[106.873753,-6.191981],[106.873819,-6.191989],[106.873831,-6.191991],[106.873859,-6.191994],[106.8742,-6.192034],[106.874431,-6.192061],[106.874499,-6.192082],[106.874589,-6.192148]],[[106.87485,-6.192172],[106.874945,-6.192187]]]}},{"type":"Feature","properties":{"id":"salemba-raya","name":"Jl. Salemba Raya","group":"central","note":"Paseban Raya → Diponegoro"},"geometry":{"type":"MultiLineString","coordinates":[[[106.850184,-6.195502],[106.850356,-6.195804],[106.850511,-6.196017],[106.8506,-6.196144],[106.850746,-6.19631],[106.850778,-6.196345],[106.850914,-6.196483],[106.851138,-6.196714],[106.851185,-6.196762],[106.851363,-6.196933]],[[106.848225,-6.192248],[106.847903,-6.191673]],[[106.851242,-6.197117],[106.851211,-6.197085],[106.851134,-6.197012],[106.85105,-6.196934],[106.850683,-6.196561],[106.850499,-6.196362],[106.850325,-6.19616],[106.850145,-6.195916]],[[106.853852,-6.19959],[106.853751,-6.199498],[106.853736,-6.199485],[106.853711,-6.199462],[106.853681,-6.199435],[106.853648,-6.199406],[106.853509,-6.199281]],[[106.853509,-6.199281],[106.8532,-6.198996],[106.853114,-6.19892],[106.852851,-6.198687],[106.85284,-6.198677],[106.852507,-6.198365]],[[106.847728,-6.190869],[106.847921,-6.191217],[106.847961,-6.191289],[106.847975,-6.19132],[106.847998,-6.191366],[106.848169,-6.191699],[106.848371,-6.192083]],[[106.849392,-6.194029],[106.849573,-6.194372],[106.849602,-6.19443],[106.849671,-6.194564],[106.849816,-6.194844],[106.84983,-6.194868]],[[106.852233,-6.197712],[106.852431,-6.197901],[106.852661,-6.198129],[106.85286,-6.198312],[106.852978,-6.198423],[106.853042,-6.198484]],[[106.853471,-6.19889],[106.853801,-6.199184],[106.85384,-6.19922],[106.853907,-6.199285]],[[106.853042,-6.198484],[106.853323,-6.19875],[106.853367,-6.198792],[106.853471,-6.19889]],[[106.852342,-6.19821],[106.852071,-6.197971],[106.851981,-6.197892],[106.851904,-6.197814],[106.851793,-6.197696],[106.851522,-6.197438],[106.851506,-6.197423],[106.851419,-6.19734],[106.851285,-6.197182],[106.851242,-6.197117]],[[106.852507,-6.198365],[106.852342,-6.19821]],[[106.850145,-6.195916],[106.84989,-6.195506]],[[106.849626,-6.194991],[106.849552,-6.194839],[106.849237,-6.194209],[106.849038,-6.193811],[106.848909,-6.193556],[106.848822,-6.193383],[106.848676,-6.193103],[106.848605,-6.192964]],[[106.847397,-6.190759],[106.847336,-6.190651],[106.847097,-6.190211],[106.846959,-6.189935],[106.846835,-6.189702],[106.846667,-6.189404]],[[106.847903,-6.191673],[106.847763,-6.191439]],[[106.846617,-6.188866],[106.846706,-6.189022],[106.846728,-6.18906],[106.846921,-6.189383],[106.846959,-6.189445]],[[106.848371,-6.192083],[106.848393,-6.192125],[106.848626,-6.192559]],[[106.848436,-6.192645],[106.848416,-6.192609],[106.848311,-6.19241],[106.848225,-6.192248]],[[106.853907,-6.199285],[106.85396,-6.19933],[106.854055,-6.199412]],[[106.850071,-6.195308],[106.850118,-6.195391],[106.850184,-6.195502]],[[106.84989,-6.195506],[106.849849,-6.195433]],[[106.846667,-6.189404],[106.846506,-6.189129],[106.846471,-6.189069]],[[106.848626,-6.192559],[106.848779,-6.192854]],[[106.848605,-6.192964],[106.848568,-6.192891],[106.848436,-6.192645]],[[106.846959,-6.189445],[106.847164,-6.189826]],[[106.851363,-6.196933],[106.851573,-6.19712]],[[106.851573,-6.19712],[106.851638,-6.197184],[106.851692,-6.197232],[106.851763,-6.197296],[106.851983,-6.197498],[106.852233,-6.197712]],[[106.847499,-6.190944],[106.847397,-6.190759]],[[106.847763,-6.191439],[106.84768,-6.191297],[106.847581,-6.191101],[106.847518,-6.190981],[106.847499,-6.190944]],[[106.847593,-6.190618],[106.847728,-6.190869]],[[106.847164,-6.189826],[106.847304,-6.190077],[106.847593,-6.190618]],[[106.849849,-6.195433],[106.849817,-6.195373],[106.849626,-6.194991]],[[106.84983,-6.194868],[106.849887,-6.194975],[106.849922,-6.195035],[106.850012,-6.195191],[106.850031,-6.195224]],[[106.846471,-6.189069],[106.846456,-6.189043]],[[106.850031,-6.195224],[106.850044,-6.195252],[106.850071,-6.195308]],[[106.848779,-6.192854],[106.849179,-6.193626],[106.84919,-6.193647],[106.849275,-6.193807],[106.849392,-6.194029]]]}},{"type":"Feature","properties":{"id":"kramat-raya","name":"Jl. Kramat Raya","group":"central"},"geometry":{"type":"MultiLineString","coordinates":[[[106.846456,-6.189043],[106.846227,-6.188648]],[[106.842437,-6.179359],[106.842511,-6.179699],[106.842665,-6.18046],[106.842713,-6.180691],[106.842749,-6.180859],[106.84279,-6.18104],[106.842861,-6.181324],[106.842956,-6.181755],[106.842983,-6.181883],[106.843031,-6.18217],[106.843047,-6.18224],[106.843115,-6.182554],[106.843112,-6.182618]],[[106.842662,-6.181431],[106.842613,-6.181182],[106.842109,-6.178751]],[[106.844019,-6.184406],[106.844055,-6.18446],[106.844132,-6.184592],[106.844149,-6.184617],[106.844279,-6.184821],[106.844382,-6.184971]],[[106.841595,-6.175817],[106.842176,-6.178649],[106.842559,-6.180497],[106.842804,-6.18152],[106.842889,-6.181868],[106.842899,-6.18191]],[[106.84296,-6.182947],[106.842908,-6.182743],[106.842893,-6.182685],[106.842887,-6.182661],[106.842832,-6.182392],[106.842823,-6.182348],[106.842801,-6.182235],[106.842672,-6.181525]],[[106.845977,-6.188211],[106.84595,-6.188166],[106.845905,-6.188087],[106.845588,-6.187548],[106.845383,-6.187202],[106.845276,-6.187025],[106.845099,-6.186733],[106.845065,-6.186672],[106.844833,-6.186237],[106.844697,-6.18599]],[[106.842974,-6.182988],[106.84296,-6.182947]],[[106.843005,-6.183076],[106.842974,-6.182988]],[[106.843054,-6.183201],[106.843032,-6.183144],[106.843005,-6.183076]],[[106.843608,-6.184157],[106.843542,-6.184059],[106.84337,-6.183783],[106.843268,-6.183622],[106.843201,-6.183513],[106.843149,-6.183403],[106.843054,-6.183201]],[[106.842378,-6.180534],[106.842313,-6.180272],[106.842179,-6.179733],[106.842076,-6.179233]],[[106.846318,-6.188353],[106.846472,-6.188617],[106.846617,-6.188866]],[[106.843217,-6.18292],[106.843234,-6.182965],[106.843278,-6.183078],[106.843343,-6.183248],[106.843384,-6.183317],[106.843424,-6.183383],[106.843492,-6.183497],[106.843558,-6.183602],[106.84378,-6.183957],[106.843831,-6.184042]],[[106.842899,-6.18191],[106.842966,-6.182285],[106.843073,-6.182562],[106.843112,-6.182618]],[[106.842338,-6.178906],[106.842355,-6.178975],[106.84238,-6.179082],[106.842437,-6.179359]],[[106.841957,-6.178719],[106.841943,-6.178664],[106.84193,-6.178627],[106.841909,-6.178579]],[[106.846227,-6.188648],[106.846122,-6.188461],[106.845977,-6.188211]],[[106.842109,-6.178751],[106.841501,-6.175749]],[[106.842076,-6.179233],[106.842014,-6.178967],[106.841979,-6.178813],[106.841971,-6.178781],[106.841957,-6.178719]],[[106.844936,-6.185887],[106.84504,-6.18607],[106.84507,-6.18613],[106.845135,-6.186238],[106.845328,-6.18659],[106.84535,-6.186629],[106.845466,-6.186845],[106.845603,-6.187111],[106.846037,-6.187871],[106.84614,-6.188051],[106.846318,-6.188353]],[[106.843831,-6.184042],[106.84391,-6.18422],[106.843986,-6.184347],[106.844019,-6.184406]],[[106.843839,-6.184524],[106.84376,-6.184398],[106.843608,-6.184157]],[[106.842672,-6.181525],[106.842537,-6.181156],[106.842378,-6.180534]],[[106.844382,-6.184971],[106.844611,-6.185348],[106.84472,-6.18553]],[[106.844184,-6.185089],[106.844048,-6.184859],[106.843932,-6.184675],[106.843896,-6.184619],[106.843839,-6.184524]],[[106.844697,-6.18599],[106.844621,-6.185852],[106.844525,-6.185672],[106.844515,-6.185653],[106.844254,-6.185211],[106.844184,-6.185089]],[[106.841909,-6.178579],[106.841996,-6.17857],[106.842042,-6.178576],[106.842063,-6.178583],[106.842085,-6.178594],[106.842125,-6.178632],[106.842147,-6.178651],[106.842172,-6.178675],[106.84225,-6.178755],[106.842281,-6.178791],[106.842338,-6.178906]],[[106.843112,-6.182618],[106.843125,-6.182664],[106.843217,-6.18292]],[[106.84472,-6.18553],[106.844936,-6.185887]],[[106.842672,-6.181525],[106.842664,-6.181454],[106.842662,-6.181431]]]}},{"type":"Feature","properties":{"id":"stasiun-senen","name":"Jl. Stasiun Senen","group":"central","note":"OSM has no way named Jalan Stasiun Senen; Jalan Pasar Senen is the road in front of Stasiun Senen and is the closest real-world match"},"geometry":{"type":"MultiLineString","coordinates":[[[106.841818,-6.178135],[106.841828,-6.17802],[106.841842,-6.177872],[106.841626,-6.176897],[106.841563,-6.176585],[106.841506,-6.176281],[106.841496,-6.176225],[106.841435,-6.175863],[106.841418,-6.175787],[106.841409,-6.175747],[106.841346,-6.175451],[106.841338,-6.175415],[106.841302,-6.175261],[106.841213,-6.174882],[106.841172,-6.174703],[106.841164,-6.174576]],[[106.841227,-6.17418],[106.841405,-6.174812],[106.841422,-6.174883],[106.841462,-6.175042],[106.841478,-6.175109],[106.841517,-6.175269],[106.841556,-6.175431],[106.841578,-6.175521],[106.841581,-6.175543]],[[106.842981,-6.17272],[106.842956,-6.172426],[106.842949,-6.172342],[106.842944,-6.172276],[106.842914,-6.171901],[106.842891,-6.171645],[106.842888,-6.171602]],[[106.843009,-6.171594],[106.843011,-6.171634],[106.843074,-6.172267],[106.843105,-6.172709]],[[106.843054,-6.173698],[106.843051,-6.17367]],[[106.843838,-6.176818],[106.843754,-6.176736],[106.843697,-6.176662],[106.843649,-6.176573],[106.843622,-6.176502],[106.843609,-6.176467],[106.843538,-6.176248],[106.843515,-6.176171],[106.843496,-6.176096]],[[106.843631,-6.17606],[106.843638,-6.176083],[106.843699,-6.176289],[106.843769,-6.176447],[106.843816,-6.176523],[106.843885,-6.176596],[106.84396,-6.176665]],[[106.843496,-6.176096],[106.843415,-6.175771],[106.843384,-6.175645],[106.843325,-6.175401],[106.843271,-6.175181],[106.843259,-6.175134],[106.843237,-6.175038],[106.843152,-6.174696],[106.843133,-6.174617],[106.843112,-6.174463],[106.843087,-6.174158],[106.843077,-6.173996],[106.843054,-6.173698]],[[106.84145,-6.17555],[106.84137,-6.175193],[106.841293,-6.174885],[106.841213,-6.174694]],[[106.841461,-6.175592],[106.84145,-6.17555]],[[106.84109,-6.174253],[106.841011,-6.173965],[106.840984,-6.173857]],[[106.841501,-6.175749],[106.841461,-6.175592]],[[106.843193,-6.173985],[106.843242,-6.174508],[106.843255,-6.174598],[106.843271,-6.174656],[106.843381,-6.175079],[106.843399,-6.175147],[106.843416,-6.17521],[106.843455,-6.175366],[106.84355,-6.175738],[106.843631,-6.17606]],[[106.843051,-6.17367],[106.843049,-6.17365],[106.843046,-6.1736],[106.843038,-6.173455]],[[106.843169,-6.173674],[106.843193,-6.173985]],[[106.843164,-6.173575],[106.843166,-6.173618],[106.843167,-6.173645],[106.843169,-6.173674]],[[106.841106,-6.173678],[106.841146,-6.173843],[106.841227,-6.17418]],[[106.841578,-6.175642],[106.841576,-6.175709],[106.841595,-6.175817]],[[106.841581,-6.175543],[106.841578,-6.175642]],[[106.843038,-6.173455],[106.843023,-6.173258],[106.843002,-6.173025],[106.842981,-6.17272]],[[106.843105,-6.172709],[106.843143,-6.173252],[106.843162,-6.173525],[106.843164,-6.173575]],[[106.841213,-6.174694],[106.841164,-6.174576],[106.841129,-6.174407],[106.84109,-6.174253]],[[106.844221,-6.176809],[106.843838,-6.176818]]]}},{"type":"Feature","properties":{"id":"gunung-sahari","name":"Jl. Gunung Sahari","group":"central"},"geometry":{"type":"MultiLineString","coordinates":[[[106.838392,-6.163645],[106.838338,-6.163466],[106.838237,-6.163058],[106.838138,-6.162641],[106.838096,-6.16248],[106.837994,-6.16207],[106.837935,-6.161808],[106.837896,-6.161631],[106.837846,-6.161398],[106.837578,-6.160339]],[[106.830912,-6.130402],[106.830899,-6.130339],[106.830897,-6.130326],[106.830873,-6.130204]],[[106.832591,-6.138224],[106.8325,-6.137779],[106.832429,-6.13747],[106.83241,-6.137393],[106.832355,-6.137105]],[[106.832664,-6.13856],[106.832591,-6.138224]],[[106.83101,-6.130552],[106.831043,-6.13071],[106.831068,-6.130838]],[[106.838821,-6.164586],[106.838941,-6.165078],[106.839072,-6.165607],[106.839115,-6.165777],[106.839156,-6.165937],[106.839191,-6.166067],[106.839312,-6.166596]],[[106.831809,-6.134649],[106.831784,-6.134545],[106.83162,-6.133936],[106.83158,-6.133742],[106.831521,-6.133439],[106.831517,-6.133422],[106.831388,-6.132818],[106.831384,-6.1328],[106.831308,-6.13248]],[[106.831828,-6.134718],[106.831809,-6.134649]],[[106.832363,-6.13639],[106.832426,-6.136665],[106.832461,-6.136821],[106.832489,-6.136941],[106.832545,-6.137186],[106.832622,-6.137501]],[[106.837471,-6.159161],[106.837481,-6.159208]],[[106.830821,-6.129941],[106.830792,-6.129881]],[[106.830873,-6.130204],[106.830821,-6.129941]],[[106.834408,-6.146244],[106.834404,-6.146448],[106.834401,-6.146541],[106.8344,-6.146565],[106.834385,-6.146899],[106.834392,-6.147074],[106.83441,-6.147227],[106.834448,-6.14743],[106.834455,-6.147457],[106.8345,-6.147665],[106.834526,-6.147776],[106.834582,-6.148013],[106.834599,-6.148085],[106.834692,-6.148375],[106.834775,-6.148647],[106.834792,-6.148722],[106.834906,-6.149127]],[[106.836138,-6.153901],[106.836203,-6.154158],[106.836283,-6.154475],[106.836331,-6.15467],[106.836402,-6.154952],[106.836413,-6.15499],[106.836453,-6.155151],[106.836481,-6.155261],[106.836527,-6.155442],[106.836581,-6.155646],[106.836599,-6.155728],[106.836613,-6.155784],[106.836676,-6.156033],[106.836705,-6.156147],[106.836722,-6.156219],[106.836796,-6.156508],[106.836809,-6.156563],[106.836916,-6.156986],[106.837003,-6.15733],[106.837053,-6.157528],[106.837115,-6.157775]],[[106.840055,-6.170231],[106.839981,-6.169939],[106.839969,-6.169891],[106.839923,-6.169705]],[[106.840639,-6.171858],[106.840687,-6.172044],[106.8408,-6.17248],[106.840814,-6.172536],[106.840827,-6.172587],[106.840833,-6.172611],[106.840892,-6.172846],[106.841015,-6.173335]],[[106.835059,-6.150284],[106.83501,-6.150122]],[[106.835157,-6.150067],[106.835197,-6.150247]],[[106.834601,-6.148731],[106.834526,-6.148475],[106.834463,-6.148257],[106.834343,-6.147799],[106.834264,-6.147492],[106.834206,-6.147206],[106.834196,-6.14693]],[[106.835569,-6.151672],[106.835579,-6.151709],[106.835606,-6.15182],[106.835664,-6.152056],[106.835723,-6.152288],[106.835739,-6.152349],[106.835795,-6.152566],[106.835811,-6.152629],[106.835823,-6.152675],[106.835883,-6.152915],[106.835898,-6.15297],[106.835967,-6.153238],[106.836009,-6.153402],[106.836061,-6.153602],[106.83608,-6.153676],[106.836138,-6.153901]],[[106.83422,-6.145573],[106.834192,-6.14535]],[[106.834357,-6.145338],[106.834379,-6.145462],[106.834396,-6.14556],[106.834406,-6.145684]],[[106.833141,-6.139803],[106.833174,-6.139943],[106.833187,-6.139997],[106.833268,-6.140347],[106.833334,-6.140634],[106.833439,-6.14113],[106.833447,-6.141168],[106.833453,-6.1412],[106.833485,-6.141341],[106.833539,-6.141596],[106.83355,-6.141646]],[[106.833338,-6.141589],[106.833277,-6.141298],[106.833252,-6.141198],[106.833245,-6.141163]],[[106.839507,-6.168054],[106.839485,-6.167977],[106.839318,-6.167311],[106.839189,-6.166796],[106.839117,-6.166508]],[[106.837531,-6.159442],[106.837579,-6.159636],[106.837615,-6.159778],[106.837646,-6.159903],[106.837722,-6.16021],[106.837755,-6.160344],[106.837771,-6.16041],[106.837811,-6.160569],[106.837828,-6.160639],[106.837884,-6.160866],[106.837894,-6.160907],[106.837916,-6.160995],[106.838021,-6.16142],[106.838123,-6.161831],[106.838241,-6.162305],[106.838252,-6.16235],[106.838313,-6.162599],[106.838363,-6.162797],[106.838412,-6.162997]],[[106.837445,-6.159038],[106.837455,-6.159088],[106.837471,-6.159161]],[[106.833951,-6.143572],[106.834037,-6.143881],[106.83405,-6.143944],[106.834058,-6.143982],[106.834086,-6.144123],[106.834114,-6.144262],[106.834141,-6.144388]],[[106.833974,-6.144425],[106.833824,-6.143761],[106.833756,-6.143456],[106.833697,-6.143142],[106.833624,-6.142814],[106.833465,-6.142141],[106.833452,-6.142089],[106.833386,-6.141805]],[[106.833386,-6.141805],[106.833377,-6.141768],[106.833364,-6.14171]],[[106.833577,-6.141808],[106.833585,-6.141861],[106.833673,-6.142282],[106.833799,-6.142887],[106.833903,-6.143361]],[[106.838802,-6.165274],[106.838752,-6.165033],[106.838731,-6.164941],[106.838721,-6.164896],[106.838659,-6.164626]],[[106.841015,-6.173335],[106.841106,-6.173678]],[[106.840103,-6.169715],[106.840117,-6.16978],[106.840132,-6.169847],[106.840144,-6.169895],[106.840164,-6.169976],[106.840183,-6.170055]],[[106.832622,-6.137501],[106.832696,-6.137837]],[[106.832291,-6.136087],[106.832318,-6.136199],[106.832363,-6.13639]],[[106.83222,-6.135761],[106.832224,-6.135777]],[[106.832079,-6.135153],[106.832081,-6.135159],[106.832148,-6.135462],[106.83216,-6.13551],[106.832189,-6.135635],[106.83222,-6.135761]],[[106.835424,-6.151749],[106.835258,-6.151099],[106.835247,-6.151056],[106.835116,-6.150527]],[[106.835451,-6.151848],[106.835424,-6.151749]],[[106.835116,-6.150527],[106.835059,-6.150284]],[[106.834755,-6.149185],[106.834601,-6.148731]],[[106.83501,-6.150122],[106.834922,-6.149796],[106.834776,-6.149256],[106.834755,-6.149185]],[[106.834208,-6.146458],[106.834218,-6.146305],[106.834219,-6.14622],[106.834233,-6.145803],[106.834227,-6.145687]],[[106.834196,-6.14693],[106.834202,-6.146674],[106.834204,-6.146614],[106.834208,-6.146458]],[[106.831187,-6.131527],[106.831216,-6.131559],[106.831233,-6.131646],[106.831249,-6.131734],[106.831292,-6.13192],[106.831309,-6.13199],[106.83134,-6.132101],[106.831366,-6.132191],[106.831379,-6.132247],[106.831421,-6.132444]],[[106.831139,-6.131274],[106.831182,-6.131494],[106.831187,-6.131527]],[[106.838659,-6.164626],[106.838502,-6.164006]],[[106.838827,-6.165404],[106.838802,-6.165274]],[[106.838469,-6.163869],[106.838435,-6.163761]],[[106.83858,-6.163683],[106.838608,-6.163783]],[[106.831187,-6.131527],[106.831168,-6.131571],[106.831185,-6.131658],[106.83122,-6.131839],[106.831237,-6.131923],[106.83125,-6.131978],[106.831317,-6.132209]],[[106.831421,-6.132444],[106.831627,-6.133289],[106.831645,-6.133382],[106.83165,-6.133404]],[[106.836955,-6.157814],[106.836732,-6.156932],[106.836712,-6.156854],[106.836696,-6.156792],[106.836672,-6.156696],[106.836646,-6.156588],[106.836595,-6.156388],[106.836503,-6.156022],[106.836324,-6.155307],[106.836163,-6.154668],[106.835974,-6.153914],[106.835967,-6.153889],[106.835684,-6.15277],[106.835638,-6.152588],[106.835451,-6.151848]],[[106.831993,-6.134762],[106.832023,-6.13489]],[[106.831911,-6.135048],[106.831902,-6.135009],[106.831865,-6.134853],[106.831828,-6.134718]],[[106.832739,-6.138882],[106.832697,-6.138713],[106.832664,-6.13856]],[[106.831308,-6.13248],[106.831232,-6.132257],[106.831196,-6.132104],[106.831135,-6.13186],[106.831124,-6.131805],[106.831099,-6.131575],[106.831098,-6.131562]],[[106.831108,-6.131539],[106.831082,-6.131438],[106.831056,-6.131302],[106.830967,-6.130718],[106.830942,-6.130561]],[[106.831264,-6.132222],[106.831248,-6.132158],[106.831221,-6.13205],[106.831185,-6.131911],[106.831161,-6.131791],[106.831123,-6.131563],[106.831108,-6.131539]],[[106.834141,-6.144388],[106.834164,-6.144498],[106.83418,-6.144574],[106.834181,-6.144581],[106.834194,-6.144634],[106.834232,-6.144789],[106.834357,-6.145338]],[[106.834182,-6.145298],[106.834174,-6.145254],[106.834159,-6.145194],[106.834133,-6.145068],[106.834115,-6.144986],[106.834069,-6.144754],[106.834017,-6.144618],[106.833974,-6.144425]],[[106.837251,-6.158973],[106.83716,-6.158617],[106.836989,-6.157951]],[[106.83165,-6.133404],[106.831673,-6.133515],[106.831775,-6.13389],[106.831814,-6.134038],[106.831826,-6.134084],[106.831831,-6.134106],[106.831931,-6.134514],[106.831938,-6.134544],[106.831973,-6.134683]],[[106.831068,-6.130838],[106.831139,-6.131274]],[[106.832696,-6.137837],[106.832761,-6.138133],[106.832812,-6.138355],[106.832851,-6.138545],[106.832951,-6.139001],[106.832994,-6.139196],[106.832996,-6.139208],[106.833115,-6.139691],[106.833141,-6.139803]],[[106.839684,-6.168018],[106.839697,-6.168073],[106.839699,-6.168084],[106.839741,-6.168258],[106.839765,-6.168358],[106.839869,-6.168793],[106.839891,-6.168886],[106.839907,-6.168951],[106.839939,-6.169069],[106.839955,-6.169138],[106.839974,-6.169216]],[[106.838412,-6.162997],[106.838466,-6.163242],[106.838493,-6.163348],[106.83856,-6.163601]],[[106.837578,-6.160339],[106.83751,-6.160061],[106.837369,-6.159478]],[[106.839923,-6.169705],[106.839872,-6.169501],[106.839786,-6.169159],[106.839683,-6.168752],[106.839521,-6.168115],[106.839507,-6.168054]],[[106.839974,-6.169216],[106.840072,-6.169585],[106.84009,-6.169657],[106.840103,-6.169715]],[[106.833354,-6.141659],[106.833346,-6.141625],[106.833338,-6.141589]],[[106.83355,-6.141646],[106.83356,-6.141705],[106.833567,-6.141739]],[[106.839312,-6.166596],[106.839349,-6.166735],[106.839394,-6.166909],[106.839514,-6.16739],[106.839538,-6.167478],[106.8396,-6.167709],[106.839618,-6.167773],[106.839663,-6.167937],[106.839684,-6.168018]],[[106.837245,-6.158263],[106.837259,-6.158313],[106.837342,-6.158642],[106.837415,-6.158928]],[[106.836989,-6.157951],[106.836955,-6.157814]],[[106.830942,-6.130561],[106.830912,-6.130402]],[[106.837324,-6.159291],[106.837313,-6.159238]],[[106.831973,-6.134683],[106.831982,-6.13472],[106.831993,-6.134762]],[[106.837481,-6.159208],[106.837529,-6.159434]],[[106.837286,-6.159121],[106.837273,-6.159066],[106.837251,-6.158973]],[[106.837313,-6.159238],[106.837286,-6.159121]],[[106.831317,-6.132209],[106.83134,-6.13225],[106.831421,-6.132444]],[[106.831308,-6.13248],[106.83127,-6.132255],[106.831264,-6.132222]],[[106.839094,-6.166429],[106.838948,-6.165876],[106.838929,-6.165803],[106.838874,-6.16558],[106.838827,-6.165404]],[[106.839117,-6.166508],[106.839094,-6.166429]],[[106.838657,-6.163959],[106.838694,-6.164081],[106.838821,-6.164586]],[[106.830979,-6.130392],[106.83101,-6.130552]],[[106.832963,-6.139849],[106.832739,-6.138882]],[[106.831098,-6.131562],[106.831108,-6.131539]],[[106.830818,-6.130211],[106.830818,-6.130207],[106.830791,-6.130057],[106.830773,-6.129955]],[[106.830773,-6.129955],[106.830766,-6.129941],[106.830757,-6.129933],[106.830737,-6.129922],[106.830703,-6.129905]],[[106.830897,-6.130326],[106.830856,-6.130315],[106.830843,-6.130293],[106.830819,-6.130217],[106.830818,-6.130211]],[[106.835197,-6.150247],[106.835214,-6.150303],[106.83534,-6.150777],[106.835456,-6.151235],[106.835569,-6.151672]],[[106.832077,-6.135144],[106.832079,-6.135153]],[[106.832023,-6.13489],[106.832062,-6.13507],[106.832075,-6.135133],[106.832077,-6.135144]],[[106.832224,-6.135777],[106.832291,-6.136087]],[[106.840183,-6.170055],[106.840227,-6.170223],[106.840268,-6.170379],[106.840305,-6.170521],[106.840348,-6.170677],[106.840521,-6.171371],[106.840639,-6.171858]],[[106.840504,-6.171982],[106.840332,-6.1713],[106.840275,-6.171079],[106.840174,-6.170693],[106.840123,-6.170497],[106.840055,-6.170231]],[[106.833903,-6.143361],[106.833951,-6.143572]],[[106.833567,-6.141739],[106.833573,-6.141776],[106.833577,-6.141808]],[[106.837115,-6.157775],[106.837199,-6.158086]],[[106.837199,-6.158086],[106.837245,-6.158263]],[[106.840984,-6.173857],[106.840765,-6.17299],[106.840751,-6.172935],[106.840595,-6.172329],[106.840504,-6.171982]],[[106.837415,-6.158928],[106.837445,-6.159038]],[[106.837529,-6.159434],[106.837531,-6.159442]],[[106.837369,-6.159478],[106.837324,-6.159291]],[[106.838502,-6.164006],[106.838469,-6.163869]],[[106.838435,-6.163761],[106.838392,-6.163645]],[[106.838608,-6.163783],[106.838657,-6.163959]],[[106.83856,-6.163601],[106.83858,-6.163683]],[[106.834227,-6.145687],[106.83422,-6.145573]],[[106.834192,-6.14535],[106.834182,-6.145298]],[[106.833364,-6.14171],[106.833354,-6.141659]],[[106.833245,-6.141163],[106.832963,-6.139849]],[[106.832355,-6.137105],[106.83233,-6.136974],[106.832317,-6.136918],[106.832245,-6.136597],[106.832,-6.135516],[106.831933,-6.135161],[106.831924,-6.135107],[106.831911,-6.135048]],[[106.834406,-6.145684],[106.834416,-6.145818],[106.834411,-6.145886],[106.834408,-6.146244]],[[106.834906,-6.149127],[106.834929,-6.149212],[106.835043,-6.149635],[106.835094,-6.149819],[106.835098,-6.149833],[106.835157,-6.150067]]]}}]}
